Player_Id,bet_amt,cpd,ggr
"576,360,735",10500,4,1599
"204,442,185",16249,15,1532
"566,173,069",4377,10,960
"193,821,339",28409,15,2190
"517,800,410",186,2,27
"561,732,094",2403,1,2036
"577,082,040",20406,4,981
"576,120,095",2954,2,168
"560,843,584",7079,18,0
"515,649,056",1010,2,103
"3,200,953",75464,22,4762
"554,701,349",888,11,50
"147,536,710",520,3,45
"422,579,493",28461,25,2541
"2,073,740",3073,6,574
"409,130,604",26078,23,801
"566,829,369",44330,32,227
"554,798,879",709,5,218
"550,553,505",11907,3,2031
"577,273,602",12087,1,1629
"575,113,324",4858,26,693
"576,120,307",15975,19,-415
"574,957,033",512,1,240
"554,991,763",16656,16,1514
"560,867,711",5675,6,1030
"517,705,331",17,1,1
"551,226,294",10914,10,1319
"555,649,057",35950,10,579
"579,197,514",73025,3,8160
"415,162,332",211665,23,8209
"478,141,204",624,22,130
"555,718,838",46626,23,-2232
"560,871,644",39439,21,-267
"549,779,082",6,2,4
"577,653,687",169769,25,3060
"422,480,865",50748,27,5051
"578,858,171",94890,6,6702
"576,119,827",19347,14,-4001
"415,246,261",253,21,118
"559,676,268",346,1,-296
"559,545,087",4582,19,756
"577,922,322",174,16,60
"561,961,914",6542,8,361
"577,913,548",17438,19,4490
"576,352,988",6141,14,137
"556,481,153",10342,22,1288
"517,574,100",26270,14,755
"398,777,759",4409,7,556
"519,589,144",679,1,60
"576,666,603",19,1,8
"422,282,703",5604,9,1674
"391,399,304",13246,24,1339
"551,384,729",5769,8,1559
"574,617,104",162,7,76
"517,948,138",65219,1,6690
"550,541,895",26412,24,6021
"575,133,322",15576,11,201
"579,218,581",878,1,268
"549,262,842",371,1,188
"566,977,449",114,3,65
"550,814,005",14529,23,1711
"510,490,083",300,3,35
"576,148,054",21401,16,-1250
"559,416,078",84929,17,2721
"579,128,801",1799,2,285
"575,654,332",120,11,47
"579,218,838",32735,2,-2990
"560,141,992",1690,4,825
"557,387,857",183,2,81
"559,415,567",51146,17,2217
"578,361,034",19812,14,43
"533,849,802",70655,23,1416
"578,659,484",2004,5,-221
"534,197,454",4825,11,836
"567,072,910",16898,8,2278
"555,967,537",195,5,49
"554,452,617",677,11,203
"555,179,594",742,9,242
"195,271,430",77584,6,1370
"555,175,882",585,1,143
"517,473,805",5489,7,1296
"555,173,751",127,1,33
"549,676,708",16080,15,1869
"561,414,610",67865,28,-613
"511,059,869",2068,9,519
"579,071,542",78749,1,8120
"517,293,054",4117,8,508
"558,991,264",6909,3,658
"566,286,448",750,4,77
"556,083,231",182332,14,5311
"504,888,088",17,1,14
"559,097,293",33665,24,4659
"561,462,208",42,2,24
"528,843,664",13492,11,1192
"555,448,147",79298,23,2652
"566,985,491",482,1,27
"577,303,333",6116,8,677
"214,239,455",13814,5,1428
"576,055,023",19852,25,13
"519,617,639",252,2,92
"295,576,584",27127,20,1302
"481,291,731",804,11,177
"208,782,159",18379,20,4874
"529,085,137",58393,19,4977
"534,248,241",9093,19,901
"549,182,904",18203,23,1593
"15,025,038",336,9,44
"558,389,269",42594,19,5077
"575,203,481",350,5,55
"409,377,344",11745,27,223
"215,111,722",55507,27,2696
"214,930,987",13966,11,1451
"517,498,705",3991,12,-402
"555,641,740",193,12,103
"577,325,580",4,1,0
"554,175,521",15269,17,1279
"551,861,297",22791,21,-2905
"533,787,810",3808,5,1087
"512,872,807",1,1,1
"560,332,337",28503,28,2540
"517,965,603",614,3,44
"529,766,173",455,9,123
"554,174,549",111,2,47
"519,676,047",189,1,81
"578,416,927",70318,7,-4668
"553,860,244",415,1,122
"554,183,336",47099,8,3500
"517,263,744",4906,6,687
"579,100,698",455,4,273
"551,361,145",192,3,69
"574,892,482",853,10,138
"561,350,948",1307,2,467
"566,227,683",39,17,22
"549,848,948",335,3,82
"194,550,930",3359,7,691
"534,235,513",56860,14,785
"563,533,030",864,3,-140
"413,891,920",205316,20,13518
"517,234,222",234,3,68
"578,564,616",33557,24,1969
"566,719,347",17,15,13
"534,776,069",35055,17,2559
"557,146,480",1092,2,542
"552,221,394",3101,5,-310
"402,628,650",9555,15,782
"422,537,585",197,8,103
"559,642,025",15320,21,953
"204,366,293",1,2,1
"563,189,245",18912,8,2113
"534,663,576",1626,1,659
"534,234,026",25560,26,45
"560,519,528",163,5,19
"515,400,709",54443,22,6168
"550,782,189",298,11,71
"510,037,358",2,2,2
"530,018,862",8296,17,702
"529,729,585",19108,11,1098
"566,585,788",10,1,7
"574,446,607",6113,1,1610
"578,178,852",3,1,3
"4,852,975",61648,7,5971
"576,776,613",14822,10,2946
"194,459,633",22526,3,-2277
"554,653,700",7491,16,367
"566,397,223",1295,2,499
"556,590,524",85,1,69
"559,904,077",696,2,136
"550,496,495",8090,18,-1475
"414,110,038",31335,17,-48
"549,376,091",12234,18,3242
"576,494,146",89796,10,13685
"554,670,835",20218,14,1648
"517,724,133",98230,25,9583
"561,679,145",25729,24,2896
"576,682,050",28,1,28
"482,121,155",293,14,96
"566,601,833",46718,11,-554
"560,113,558",12102,21,1939
"574,883,482",7483,13,2258
"550,218,362",296,3,129
"515,956,822",384,4,128
"554,934,439",5725,7,1358
"210,354,015",223,4,-28
"577,629,649",90,1,25
"191,704,020",32900,14,-680
"566,769,680",5451,24,1256
"559,941,692",527,1,34
"553,858,204",81924,28,5087
"519,894,388",2821,19,258
"504,389,852",14464,12,3666
"577,299,012",55066,18,6296
"549,196,012",7493,24,779
"515,854,094",65233,28,-828
"536,539,092",22571,22,2471
"186,096,905",44228,22,637
"576,536,032",6134,1,1866
"513,742,940",10082,17,851
"550,684,616",343,3,108
"576,874,169",282,2,40
"184,221,059",33726,16,4351
"512,958,299",1167,4,-227
"558,889,994",782,3,175
"184,557,347",33330,15,746
"551,315,245",91,2,69
"577,694,960",262,6,107
"567,185,550",1,1,1
"518,693,822",16008,6,1002
"411,925,433",39762,25,1429
"534,520,529",33,2,-8
"528,877,935",1491,2,407
"510,448,683",5466,14,16
"552,114,706",2879,2,441
"554,609,539",49652,24,2502
"576,831,510",31418,23,5067
"549,720,810",575,10,26
"187,573,232",78918,5,11437
"566,892,639",12449,4,1109
"577,802,651",650,10,-182
"550,408,592",14230,13,1755
"533,887,904",31587,21,2222
"217,057,680",39486,26,-1425
"566,563,385",2044,5,270
"517,912,745",90891,24,6884
"555,102,801",86573,15,-1072
"558,366,180",8504,14,608
"566,056,878",9863,14,1675
"576,874,961",238,6,67
"579,080,424",447,1,271
"519,146,028",14551,18,2124
"477,694,160",9541,15,3054
"560,753,548",20248,18,-740
"555,401,500",45194,18,2326
"560,975,737",93331,19,6076
"560,299,866",8912,12,90
"549,872,715",30046,22,370
"518,080,570",19110,20,232
"186,614,074",24422,21,2025
"552,348,157",54,1,21
"554,641,845",35818,15,-439
"577,309,473",69005,22,3910
"414,749,049",46937,20,6740
"577,488,619",391450,28,-29537
"521,760,972",559811,30,24297
"560,622,613",1784,2,-501
"575,840,178",1381,21,118
"551,154,112",1589,3,1057
"503,445,392",69021,28,3942
"549,419,693",25631,18,1609
"208,622,518",13460,15,996
"518,962,683",48731,22,-37076
"536,604,442",56412,2,-12661
"556,244,136",1093,6,122
"567,029,882",47,1,27
"518,878,750",284,18,124
"534,828,555",447,6,181
"551,924,859",1735,1,219
"556,819,871",26819,23,181
"554,133,330",451,17,193
"482,951,246",14193,10,1227
"557,147,039",203,1,136
"519,440,506",13091,29,839
"414,158,702",6887,12,859
"577,762,851",5395,3,1221
"551,464,960",66999,3,9487
"518,003,381",3632,5,770
"519,428,527",100,3,-610
"32,051",11970,8,-1016
"566,006,345",2860,4,-237
"575,913,748",14343,4,829
"554,693,618",13616,9,1366
"575,059,445",12500,8,1492
"559,466,720",239,1,76
"521,624,079",34185,16,3518
"576,277,956",15021,23,2239
"516,094,642",0,2,0
"13,496,590",12784,21,1086
"574,521,793",12570,20,723
"521,234,875",8,9,5
"560,814,358",4536,16,1732
"549,408,276",43574,2,2136
"556,752,587",152897,13,7792
"559,552,231",14951,15,2554
"558,822,729",2796,12,288
"392,128,625",2984,5,1037
"566,863,461",3351,3,141
"12,780,816",85774,5,5074
"558,458,232",9093,14,429
"551,746,368",1,1,1
"123,468,667",22234,19,3052
"576,967,395",12613,5,1540
"576,536,181",9814,16,621
"550,761,316",58,1,27
"556,651,098",6230,22,-2196
"520,932,261",29687,28,826
"551,997,495",27007,17,5753
"529,503,716",104,3,30
"554,567,086",763,3,397
"575,739,107",34010,6,-2809
"552,371,119",60928,25,5088
"566,910,324",11794,5,-930
"534,027,197",604,10,160
"529,292,477",251,12,93
"577,865,438",16844,21,869
"576,241,302",9939,22,-569
"574,523,524",40373,25,3585
"566,056,952",2499,8,356
"560,975,005",829,2,82
"554,241,995",8259,1,1754
"557,188,881",433,4,135
"561,054,158",11708,7,1384
"556,866,785",644,4,142
"563,165,182",27,3,15
"575,379,053",1047,6,111
"21,002,316",599,2,135
"551,438,941",1026,1,135
"559,759,014",19971,9,2024
"554,492,148",18,1,13
"553,862,559",404,5,94
"554,177,398",89881,18,3350
"550,509,391",7,1,1
"563,174,514",405,1,55
"138,824,910",3900,11,-276
"549,291,918",101966,19,3891
"504,858,632",1641,4,66
"559,478,277",0,1,0
"560,861,751",1674,7,86
"557,525,789",313,2,136
"412,042,739",1015,5,101
"578,143,942",22,10,16
"576,644,644",5343,16,192
"549,358,343",0,0,0
"554,225,028",224,3,72
"521,472,049",23,6,8
"324,317,735",33777,11,3624
"387,188,759",121496,21,-2573
"551,576,975",1894,1,-1085
"529,513,491",16934,26,987
"555,952,109",283,4,23
"579,205,853",37598,2,2751
"536,502,134",46448,18,920
"478,732,879",3486,17,1062
"203,457,974",9332,28,685
"7,682,825",1573,2,557
"559,574,262",19237,21,-583
"517,560,677",34304,21,918
"575,508,603",16593,23,-3951
"557,397,417",3635,5,672
"407,736,181",4464,14,-1234
"577,732,427",340,6,133
"566,398,972",13835,16,-413
"566,759,791",4713,5,805
"517,949,055",53436,18,318
"203,555,494",12511,17,1538
"534,682,900",41526,8,3055
"549,476,990",3026,6,-67
"554,966,933",84,1,1
"567,007,033",10094,3,1488
"412,037,536",49196,19,773
"552,363,435",11079,3,-4650
"574,842,382",11457,5,1694
"187,555,922",32769,27,520
"551,541,247",148352,10,-106757
"576,784,200",4686,29,536
"513,891,486",6675,8,300
"10,976,410",9522,4,1953
"559,451,691",0,0,0
"559,667,218",26987,23,2364
"560,026,101",51559,3,2610
"549,444,727",39529,8,522
"574,648,520",82799,17,-1640
"533,769,855",83194,22,-146
"559,497,827",375,8,78
"549,901,494",2,1,1
"563,548,210",30498,11,-786
"504,401,337",10262,20,1499
"551,699,800",867,3,7
"550,937,850",3367,4,66
"554,903,590",325073,26,12033
"412,889,273",7955,7,3350
"558,427,666",45579,21,-5391
"558,830,287",3236,19,-725
"12,117,443",16402,23,1570
"566,231,618",6332,9,-237
"575,738,386",319,3,25
"515,443,649",116615,16,-5328
"533,907,567",116231,28,-5539
"556,954,796",1,1,0
"566,924,621",513,10,77
"558,811,698",1251,1,137
"576,689,096",10,2,8
"560,050,712",1369,3,539
"549,446,605",9827,8,562
"577,243,131",730,5,142
"185,688,722",5276,3,625
"556,360,757",75032,15,2680
"574,493,039",48,2,28
"550,680,576",28260,8,3136
"549,138,355",8732,12,2046
"205,423,388",23476,19,2371
"549,972,513",6054,10,-30
"478,749,651",7842,9,961
"578,312,992",87812,13,11887
"22,543,923",12888,19,1758
"559,687,311",15464,24,906
"576,857,517",0,0,0
"556,032,814",3738,13,904
"579,080,518",13932,12,2475
"15,358,675",9741,22,342
"557,399,850",5206,2,1348
"559,155,638",431,4,80
"549,410,680",979,4,-233
"576,712,340",302,1,31
"559,156,535",24856,13,493
"551,775,821",581214,22,3065
"563,322,322",12162,13,800
"196,228,739",15,1,4
"551,152,940",4472,17,699
"414,319,904",27630,25,-1595
"193,315,960",14550,30,761
"534,980,981",376,4,104
"552,128,488",28,1,14
"576,081,169",26201,5,4610
"561,944,975",4172,8,432
"576,821,856",21766,2,3487
"549,711,567",15039,14,289
"578,350,873",5993,11,158
"529,480,034",810,5,98
"552,352,828",16,1,14
"7,590,746",10940,2,1113
"356,445,833",13629,26,137
"528,874,803",3251,6,615
"563,181,909",9646,4,542
"554,142,211",30257,8,1393
"504,806,055",238,5,54
"560,297,297",185202,24,643
"15,462,868",68843,14,-163
"578,158,763",1,1,1
"390,072,261",5126,25,952
"22,858,053",137902,28,8242
"519,097,447",12829,17,-1402
"189,227,958",40835,25,262
"574,543,422",27909,26,-1351
"501,451,783",26811,14,3039
"521,471,549",1496,11,-189
"186,079,854",14054,22,2000
"558,892,135",15993,4,5209
"566,994,095",102,1,30
"575,526,121",1379,2,202
"5,162,942",85437,17,12995
"414,677,543",6309,1,900
"550,748,093",950,2,-169
"552,280,441",184,2,134
"567,029,267",97605,25,4224
"17,750,346",81032,6,1154
"577,317,784",18108,23,2211
"566,636,881",36890,28,3818
"20,928,754",17010,8,1310
"186,465,992",436,9,87
"566,072,305",2975,2,776
"575,757,262",11350,21,1279
"413,987,474",44791,19,-633
"555,587,762",4603,16,460
"549,452,829",14147,1,665
"555,082,855",5305,7,-66
"578,676,927",25178,9,4933
"187,314,540",703,2,195
"578,479,302",47122,27,2251
"555,770,109",619,2,101
"6,184,335",51512,21,2289
"558,872,133",26340,28,-65
"554,168,078",4210,13,-185
"577,429,652",20845,19,1636
"550,402,136",22840,19,2800
"555,961,758",27395,16,-546
"574,843,155",730,1,338
"556,132,395",176,5,81
"560,951,134",2554,5,626
"550,428,181",23310,24,1235
"529,382,920",149310,15,-4633
"504,340,737",381,5,43
"504,724,555",56905,18,-110
"574,759,729",32918,24,2744
"577,524,505",9710,4,1153
"189,876,328",56712,26,392
"554,110,925",21,4,19
"576,352,958",25,9,10
"578,114,677",51,1,31
"534,918,472",8467,17,430
"577,716,402",5829,11,1649
"521,418,463",22583,23,1473
"575,396,676",111,1,71
"559,435,898",721576,28,130
"517,668,604",7555,9,430
"550,514,083",610,4,54
"560,045,601",589,1,67
"578,476,704",21398,3,3675
"513,949,787",354278,28,10064
"555,105,859",10449,20,-238
"563,306,633",38969,18,856
"555,644,374",6263,8,750
"472,810,521",117,1,1
"519,607,373",331,2,70
"14,107,057",6787,27,486
"566,794,298",112,7,5
"560,316,961",3397,3,684
"566,199,866",1914,6,437
"575,932,516",1015,13,95
"517,214,886",25018,24,3434
"504,691,107",32420,19,1048
"576,326,027",76,5,29
"549,900,563",0,0,0
"555,253,317",3828,4,1215
"536,634,766",6459,7,1770
"576,642,280",134869,21,13168
"521,620,970",203,1,135
"529,306,654",30547,17,2492
"575,560,303",11,6,8
"555,518,618",3566,2,-637
"18,539,039",24887,21,1015
"550,879,449",34613,16,3543
"555,413,597",257,1,131
"556,147,322",258393,17,-1694
"517,184,593",1991,4,262
"516,024,598",273155,28,11026
"566,056,897",47260,24,2560
"411,960,366",279,8,88
"560,576,620",1,2,1
"550,753,910",6494,18,464
"510,296,343",975,3,397
"517,054,510",39,7,34
"567,164,377",47471,11,1725
"550,585,350",10607,17,-77
"577,984,550",90,1,41
"510,758,381",16,8,11
"533,820,170",1945,6,214
"560,990,651",88265,14,-2694
"576,847,335",0,1,0
"561,915,945",3111,3,476
"575,685,750",5168,21,1080
"519,956,266",28495,22,1563
"536,464,405",2446,11,607
"574,764,461",78339,28,1996
"577,767,977",227,1,134
"550,814,970",70240,7,1249
"555,326,479",27760,8,1668
"516,956,347",14112,14,4776
"549,481,185",740,4,132
"561,559,623",15203,12,1402
"575,322,567",7655,11,680
"575,655,596",9432,4,1307
"575,348,229",1194,4,-419
"555,670,677",831,8,-1
"422,594,999",20382,14,4449
"579,296,700",858,2,268
"560,235,737",59391,11,5610
"209,074,833",6900,7,1998
"196,688,659",0,0,0
"519,277,456",18890,23,1723
"554,179,178",8790,15,348
"578,178,143",34677,19,3569
"556,487,079",1045,2,-2
"550,304,070",1701,10,550
"519,081,000",1078,4,252
"187,614,149",292691,7,2012
"576,108,451",24186,23,3664
"555,890,447",39544,7,2436
"530,066,910",105913,20,697
"550,093,453",10059,21,-92
"558,899,340",11828,10,-23
"563,450,994",541,11,115
"577,068,238",3592,4,708
"380,068,210",4488,8,-202
"210,723,893",145033,13,7764
"558,691,337",1812,2,745
"558,479,922",59901,25,2484
"519,726,043",79,3,50
"520,889,995",453,8,54
"551,882,139",217,5,42
"559,722,919",54421,20,1956
"576,729,432",29856,26,1307
"560,292,841",99,7,-17
"578,548,399",4428,16,265
"559,491,907",17647,21,-4748
"536,667,376",366,4,81
"560,219,034",16259,24,1388
"578,591,970",668,1,135
"566,803,060",156,4,57
"210,521,807",95507,14,-895
"550,746,905",14314,7,798
"408,099,703",352,1,55
"567,228,565",1,1,1
"550,353,504",1734,4,131
"517,334,327",21394,21,724
"138,110",4670,14,749
"575,437,702",1086,6,295
"556,062,790",166516,7,2999
"578,617,642",23134,15,3026
"521,706,227",2846,6,271
"515,583,672",2367,3,646
"518,679,215",293,1,136
"559,632,665",9550,21,1587
"519,014,091",26195,19,1761
"566,721,076",29432,13,2374
"552,371,034",617,1,81
"519,357,843",40051,15,3195
"561,436,559",8209,18,251
"574,517,457",25823,14,2488
"513,964,634",30,1,1
"519,785,503",260,3,78
"200,256,717",10511,9,1376
"189,754,604",9504,12,610
"15,304,372",17536,8,2308
"560,955,187",104479,19,-9668
"560,750,711",3472,14,1046
"192,488,472",61608,24,3623
"510,853,147",217,1,114
"560,386,930",0,1,0
"533,971,024",506,1,27
"559,485,134",19,1,8
"556,957,836",687,2,46
"550,678,293",1,4,1
"553,902,360",133905,15,2891
"574,618,695",0,1,0
"578,601,210",73722,25,-4150
"561,820,879",358,1,-512
"519,044,142",73,1,14
"560,809,386",25210,23,-2018
"517,154,753",26489,26,2236
"575,049,249",1853,5,138
"549,584,129",351,2,109
"563,586,474",785,10,187
"379,115,978",144,2,50
"566,467,666",10340,6,1027
"528,836,296",1454,1,266
"549,105,512",143,1,68
"549,713,560",48088,21,-610
"560,911,974",1048,11,201
"561,709,065",152081,24,793
"578,644,678",98809,9,11284
"552,902,547",1835,9,175
"521,479,618",8192,14,1331
"414,986,898",51943,19,5230
"563,324,473",624,3,199
"521,246,096",9251,6,1345
"534,887,810",3091,5,-742
"556,293,488",102,1,102
"530,157,489",4415,6,1081
"557,237,759",1209,8,-361
"549,558,862",18946,19,1535
"409,143,148",90546,20,10498
"554,993,389",5148,4,2032
"408,000,747",36106,15,2707
"576,277,858",138,5,11
"517,977,114",392,1,273
"555,185,338",10043,20,2170
"549,535,855",35466,20,4416
"516,947,842",2952,6,-289
"553,824,136",10630,22,915
"558,914,274",10268,3,454
"575,395,805",346,6,40
"579,030,548",30061,4,6098
"563,313,228",33233,27,-223
"519,992,527",10041,6,-262
"551,122,408",48550,26,1256
"557,208,443",29387,16,380
"472,736,329",63823,10,-8417
"558,378,065",1360,7,392
"529,954,056",19,5,12
"213,811,185",45430,26,2742
"576,282,365",17246,13,1086
"577,667,722",225,5,114
"529,270,044",0,0,0
"510,666,386",345,10,95
"559,613,793",2938,6,810
"556,210,632",10,1,5
"550,224,313",26,1,13
"574,568,104",42,1,13
"530,196,737",104,3,54
"521,330,812",16456,25,1702
"560,177,249",853,5,134
"23,527,659",78637,28,959
"536,712,369",15618,6,-2514
"561,817,001",5477,3,1647
"517,652,679",133,4,0
"550,728,911",576,7,145
"521,533,529",3394,8,666
"513,940,305",21217,10,1178
"7,172,482",149317,25,-4900
"556,809,904",186719,10,-4771
"549,875,327",68396,25,-2592
"563,574,522",439,2,129
"549,277,275",281,10,106
"519,322,842",7219,5,1080
"510,853,233",59134,5,766
"558,624,682",26484,16,-609
"561,413,646",11909,16,1692
"567,225,349",579,2,132
"560,803,194",91,2,54
"534,726,090",5451,3,806
"555,024,956",20,2,18
"204,757,072",79912,12,9457
"536,674,790",2316,13,943
"477,222,201",8202,17,-24
"6,080,181",1741,4,230
"563,142,739",3863,8,241
"140,407,537",670,11,80
"550,419,885",5544,6,99
"411,866,561",203,1,135
"521,262,416",8183,8,1043
"555,609,245",21920,9,3414
"549,357,549",2236,8,547
"472,816,790",15513,19,2092
"579,080,300",822,2,270
"517,174,815",80717,18,1814
"575,225,776",34140,26,742
"530,088,749",58554,24,1472
"415,037,291",49012,11,872
"519,594,358",3215,16,412
"415,750,570",300,9,88
"552,184,073",1255,8,227
"559,049,774",2487,8,291
"575,840,083",50,1,25
"403,151,012",49480,28,2894
"561,915,562",20530,24,1605
"578,849,465",38450,10,2051
"566,124,386",378,3,137
"566,035,908",4277,2,479
"577,737,514",234,2,163
"555,424,459",26132,23,894
"534,135,987",16561,18,-1117
"557,154,546",17432,7,3119
"519,063,717",3217,1,66
"521,605,764",228,2,27
"579,052,730",45251,4,7898
"549,304,961",226,7,97
"561,722,179",26,1,10
"529,476,123",41430,13,3675
"517,978,703",794,4,-67
"575,348,393",657,1,136
"553,962,840",101149,19,-2678
"555,782,442",79505,20,4591
"189,204,935",15806,21,1623
"510,749,476",198,1,-68
"577,689,022",14307,4,2689
"551,689,757",17145,13,1442
"559,829,070",250,2,81
"576,091,250",8348,9,-1933
"576,203,139",10180,17,798
"556,899,850",5041,22,737
"511,090,868",11871,8,1412
"550,780,577",451,3,74
"473,176,259",23267,23,1316
"566,187,298",7486,10,1642
"578,472,710",17437,3,-2298
"534,900,420",10045,22,624
"560,408,465",20588,8,1146
"575,142,577",8728,5,2057
"185,981,468",17175,10,-1719
"560,888,188",85,1,68
"520,898,507",2,2,1
"560,952,828",42251,21,1371
"23,440,726",68562,16,4576
"578,228,936",94,1,40
"554,609,547",73689,21,4619
"559,616,769",18479,27,2622
"209,261,353",38382,15,2002
"579,341,375",11989,2,-2966
"510,639,418",879,5,433
"578,735,314",11759,12,2874
"576,559,066",1666,2,-900
"551,436,547",2,3,2
"189,012,862",47046,4,5537
"557,024,380",7952,26,481
"566,801,093",1852,6,275
"534,243,518",55455,5,2062
"566,895,061",279,1,66
"550,653,824",29940,20,1989
"536,538,837",693,11,92
"517,950,194",1735,2,250
"511,071,057",428,10,47
"558,990,875",4384,9,1091
"576,185,276",8919,11,668
"4,646,486",35273,20,3881
"517,905,535",15023,20,1584
"551,556,531",2705,6,778
"513,002,950",11,2,3
"555,383,791",69522,25,4848
"210,884,511",14913,28,1271
"482,170,832",87705,28,-842
"534,697,787",4968,7,841
"504,595,825",132,1,51
"566,386,872",155,2,135
"516,064,906",30039,17,-3228
"550,645,075",18151,14,1169
"19,731,578",12302,13,-2240
"577,878,424",2967,1,-804
"566,842,609",15683,20,723
"559,531,020",32643,28,1753
"574,793,385",186,6,57
"550,849,318",0,1,0
"574,526,763",10783,13,514
"574,591,458",56191,28,3629
"510,862,263",22964,25,1285
"552,021,181",22883,8,-4078
"578,739,206",237258,21,14508
"577,119,430",2383,3,-1214
"555,431,182",32730,5,-2306
"513,035,597",12116,11,2663
"564,022,914",2008,2,1079
"579,205,995",29901,2,5443
"15,702,926",6831,2,1521
"579,196,226",21621,3,766
"550,287,827",2466,18,-195
"207,672,997",14,2,5
"551,193,355",12007,16,1652
"554,740,060",576,1,283
"519,894,463",1560,5,297
"575,850,341",18891,12,-123
"551,960,415",20795,18,2106
"516,836,817",242,2,44
"561,587,447",65,3,51
"560,758,344",151,3,-27
"7,143,260",76700,19,3066
"558,831,878",30027,20,2239
"160,273,774",10720,14,964
"517,882,001",10203,9,-1840
"556,440,098",1056,3,362
"550,509,960",92,1,27
"575,087,414",17,2,6
"549,590,583",4526,11,659
"551,174,504",50040,27,901
"14,484,178",16035,3,645
"188,832,832",171807,17,7279
"579,196,171",83733,5,-4385
"556,212,826",368,1,67
"415,267,775",14551,10,912
"576,875,630",6323,4,1276
"512,818,120",114,3,38
"556,278,754",642,5,93
"553,534,270",44,1,27
"553,916,674",148872,24,7364
"210,319,916",8581,12,1094
"554,548,399",14291,17,954
"517,901,231",5587,11,1014
"521,281,568",17083,6,2802
"549,751,538",30,1,20
"557,110,437",26667,21,2701
"578,754,153",88642,6,3642
"577,674,586",19705,22,1073
"551,765,336",4314,10,848
"549,906,498",1036,2,282
"578,599,749",608,4,175
"576,437,972",68049,27,3968
"517,435,830",6026,17,834
"549,536,791",378083,14,5887
"575,370,950",5799,2,1154
"521,504,975",14304,37,1559
"185,484,519",5829,3,756
"516,069,921",15270,28,1145
"578,206,734",301,2,70
"551,749,620",12800,6,337
"549,737,445",18968,5,2072
"200,531,773",41530,24,1525
"517,686,125",12324,26,1790
"519,366,761",0,0,0
"559,812,041",8241,16,1605
"183,715,428",22494,23,598
"577,635,161",58780,19,3046
"575,757,900",35825,8,3509
"517,733,133",851,4,68
"204,413,657",1932,9,203
"560,593,221",415,6,91
"575,993,798",47407,9,2592
"20,830,686",824,5,268
"574,649,420",53696,22,-6020
"534,581,221",72,2,44
"554,940,945",5571,3,679
"574,700,428",9075,11,1238
"551,418,681",5,4,4
"556,743,490",31393,20,813
"533,845,317",14976,22,361
"555,219,247",10782,17,1389
"555,648,557",5711,11,151
"579,274,435",1457,4,320
"478,690,653",4,2,1
"575,766,839",7701,19,883
"530,240,990",2,1,1
"529,036,179",205,1,122
"566,560,265",49,3,27
"560,997,632",13826,26,1011
"560,343,175",811,2,135
"555,344,337",218,1,119
"574,574,381",50271,7,2057
"521,272,364",6317,3,716
"577,086,625",32524,12,1820
"533,970,586",508,1,81
"577,629,737",102,3,68
"577,977,137",3681,3,-786
"556,325,862",42833,13,725
"574,904,457",217,3,75
"578,857,848",1959,1,271
"579,328,433",852,2,226
"559,014,477",43226,11,2390
"556,768,015",30165,14,314
"184,288,590",13302,11,2361
"199,200,446",71503,21,2949
"567,159,894",1948,2,205
"536,568,680",198293,24,6356
"563,220,483",6626,8,498
"576,139,829",2,2,1
"566,754,256",13338,7,1527
"554,641,337",81102,12,-6120
"575,171,329",322,3,43
"551,623,657",36004,14,3495
"517,244,079",144,6,-8
"577,837,619",28701,16,1416
"517,205,278",13001,18,853
"504,789,774",1781,7,248
"563,574,460",20706,17,3339
"533,959,376",24794,18,1532
"566,347,409",40646,24,-415
"575,114,121",384,4,53
"519,117,710",915,5,191
"550,254,810",539,6,141
"504,797,213",1426,1,605
"576,755,722",837,2,340
"576,585,118",61991,22,5565
"566,251,350",16477,23,196
"521,847,609",104273,23,2443
"578,709,733",680,1,271
"559,678,744",252,1,135
"555,142,249",110989,27,6989
"578,443,455",26220,7,3437
"549,633,044",52496,8,500
"560,947,143",18997,11,820
"575,433,687",7801,4,749
"561,963,103",19215,20,1127
"555,632,002",843,1,135
"555,767,686",3323,7,634
"566,622,842",2506,17,878
"578,884,983",377,5,71
"556,911,346",1576,5,522
"555,709,425",30331,11,2127
"472,604,749",359,1,68
"519,383,588",2899,2,263
"555,924,344",28182,23,960
"560,879,212",133,1,2
"510,852,984",199,3,67
"577,912,411",65579,17,148
"578,179,686",138747,3,1840
"576,657,112",161342,28,-18429
"576,536,249",13471,10,5721
"553,514,794",5167,2,1625
"555,553,633",13161,16,976
"551,972,868",3979,12,-868
"566,737,061",1,1,1
"477,343,343",10114,8,-845
"560,545,911",10337,28,1131
"556,648,576",20296,16,1749
"519,596,798",546,2,293
"555,974,769",1861,15,78
"473,202,437",4329,6,137
"576,760,109",8500,20,921
"555,816,304",911,3,196
"579,119,697",19114,3,6925
"576,904,740",10770,17,517
"557,351,517",1737,15,140
"566,418,089",62122,2,1565
"199,375,930",112418,24,2416
"550,769,601",3140,14,607
"517,584,795",26663,10,3414
"556,709,476",78030,25,3200
"563,311,440",2045,11,122
"521,499,315",4002,9,504
"555,475,880",10210,25,1663
"207,325,816",512,2,129
"6,220,457",60020,30,2606
"533,891,430",7499,4,563
"519,177,020",470,1,143
"575,663,263",66,3,41
"575,526,073",21734,20,172
"575,632,109",28975,26,850
"561,335,845",159,2,11
"518,997,286",2271,3,449
"513,901,563",29539,9,3445
"521,313,625",26,18,24
"577,443,908",32840,12,-149
"559,148,588",6095,16,1382
"534,691,766",125650,28,9109
"576,054,314",398,4,60
"567,198,249",710,3,208
"555,448,188",2734,16,775
"412,948,776",3762,2,0
"550,193,487",148,9,76
"558,656,824",9,1,5
"517,678,988",7264,27,1461
"579,127,929",73055,2,5272
"556,949,429",2425,18,780
"577,228,841",10,3,6
"577,249,742",1,1,1
"574,829,269",19019,21,2791
"4,709,249",11408,10,870
"472,660,091",497,2,164
"554,176,716",388,5,136
"21,032,404",1392,3,-72
"560,595,272",56687,26,512
"481,898,554",3349,15,886
"10,088,498",7606,7,1755
"555,241,862",100140,18,2786
"556,944,729",14195,19,3290
"577,533,239",33874,22,1121
"521,825,842",966,3,304
"199,210,106",19234,20,3717
"559,749,496",7367,7,1477
"536,639,316",1486,4,-242
"549,487,967",36263,18,615
"575,737,958",7541,14,1738
"579,171,703",22288,8,2865
"550,901,772",113180,23,-1365
"560,829,260",637,7,194
"560,829,900",296,2,138
"574,722,040",167658,25,3293
"552,330,296",4222,2,-344
"577,012,340",204,4,45
"579,172,019",2190,5,276
"412,892,044",149755,22,12555
"575,075,470",270,6,138
"521,674,856",1287,14,-231
"184,597,782",15631,3,585
"560,514,972",20370,8,1625
"511,216,120",9550,12,868
"20,508,034",7072,4,198
"566,482,176",28316,51,4432
"516,742,721",322,6,147
"579,344,249",1368,2,85
"561,852,350",53,1,27
"551,293,481",50809,13,3899
"559,562,479",36171,24,3258
"536,535,429",177,2,65
"556,110,444",13704,18,618
"552,361,784",7655,14,615
"511,028,436",39429,26,3375
"550,357,451",6127,19,246
"416,120,967",51994,9,4952
"559,623,756",202,5,99
"554,828,257",3,2,3
"517,143,921",36044,23,2954
"560,149,821",138605,27,3942
"529,361,886",35178,24,-1514
"575,792,677",781,1,-306
"575,663,202",12548,14,1185
"415,463,190",195,8,64
"530,019,343",27825,8,2064
"577,279,289",18893,12,1523
"555,342,707",317,4,137
"520,880,590",23156,18,-669
"515,760,178",52388,13,1006
"567,198,401",38477,18,7185
"521,806,581",4863,5,1003
"550,946,754",129,7,38
"551,182,263",40532,20,2620
"560,125,360",7284,17,533
"210,506,481",95470,15,3052
"555,720,923",16697,25,748
"560,975,796",647,2,421
"559,591,384",406,1,227
"186,222,225",11227,12,2489
"554,395,562",7195,2,-278
"566,893,238",20413,26,1484
"557,399,561",9452,21,1411
"576,712,406",198909,21,-8827
"574,892,554",1403,3,673
"559,190,768",39528,10,3559
"414,051,465",181,2,136
"504,617,098",56,2,40
"549,770,506",114,1,13
"552,374,148",5129,2,1307
"579,344,693",4132,1,269
"560,933,809",1074,7,-162
"534,431,764",123629,9,-4882
"409,174,806",31260,11,5103
"534,007,439",830,13,150
"578,407,645",27027,17,-942
"534,228,176",8846,8,1980
"528,909,867",69108,28,3734
"575,437,691",41,1,14
"409,355,030",8277,20,1176
"559,775,156",121562,28,3996
"513,911,456",1444,8,-125
"534,698,056",1672,6,113
"560,283,373",161,15,87
"577,401,292",8821,3,1740
"536,679,959",3889,7,399
"534,807,994",79155,27,11474
"549,337,370",13000,4,-3439
"21,684,543",18430,6,1195
"528,767,801",13522,22,401
"551,733,558",14,4,5
"549,106,860",2911,5,-352
"575,850,392",9288,6,4018
"390,861,271",11024,10,644
"13,387,811",61320,25,4845
"534,791,429",412,2,54
"561,396,360",2875,2,510
"566,011,850",5394,9,844
"560,436,410",9695,16,1229
"517,487,871",16292,25,-372
"559,779,046",3,2,3
"556,406,374",14403,16,1358
"563,182,799",43896,25,1246
"207,756,765",160214,19,1520
"560,962,708",52850,22,2429
"534,891,719",45,1,27
"556,670,184",75583,16,2573
"575,094,095",12381,24,296
"575,141,789",32857,25,2379
"576,952,959",8351,6,995
"408,670,208",120083,25,7510
"576,507,976",246402,18,-6948
"529,809,201",17993,26,1120
"563,265,969",2,1,1
"560,956,278",63494,24,6403
"528,992,824",161638,12,7574
"556,452,989",486,9,-120
"517,991,903",63,2,41
"556,817,110",89,1,55
"194,154,239",3870,3,665
"3,161,097",16238,25,2000
"554,470,921",2757,4,678
"578,769,116",48493,14,3988
"551,296,429",13982,11,250
"519,311,628",1873,3,548
"576,155,806",11499,23,768
"413,686,260",32504,19,3333
"574,564,864",175,2,67
"560,128,941",29065,10,671
"559,442,864",19992,18,1395
"536,664,039",637,2,81
"566,813,063",16905,22,-6043
"559,702,712",252,20,163
"194,441,321",108840,19,2745
"574,829,644",10102,18,802
"549,169,381",194,3,-299
"578,379,464",64037,14,7009
"575,087,016",16238,8,101
"575,321,774",372,4,93
"550,423,645",183,3,61
"549,590,687",8447,18,1482
"518,906,060",60516,27,-594
"577,012,758",21,1,15
"554,988,994",44157,12,-10856
"521,237,320",205,1,12
"478,718,149",15527,21,465
"213,802,422",29482,27,858
"15,012,135",112825,28,4312
"530,130,352",2080,1,265
"515,545,316",9433,14,424
"563,554,410",32076,4,2869
"577,572,072",98,1,41
"422,559,516",12351,11,2937
"576,065,830",2678,1,0
"560,217,344",26461,23,2427
"536,595,385",12003,22,1016
"555,170,796",4243,4,804
"206,523,253",7387,23,756
"577,782,057",43196,17,-342
"579,129,044",21947,2,9508
"551,352,513",20001,9,-19
"557,873,126",16449,23,336
"559,212,215",2235,8,435
"579,298,187",15071,4,-97
"574,860,979",490,1,337
"9,888,268",7016,7,1590
"577,098,107",18395,12,1466
"504,745,327",4966,9,677
"199,068,652",2118,9,355
"577,850,517",82247,20,4376
"530,234,579",3179,2,338
"560,172,745",373,10,29
"7,449,907",21377,19,1222
"5,976,633",15103,28,226
"550,690,534",11323,9,-283
"576,413,230",566,1,272
"549,744,691",47562,16,267
"415,860,013",1763,8,664
"558,917,191",68572,13,1205
"552,035,107",221,2,134
"558,928,753",15043,19,1213
"561,011,410",262,1,148
"407,947,514",5389,15,759
"21,842,984",42411,24,-474
"412,563,865",18802,4,4838
"576,704,205",115,9,52
"553,936,117",174468,22,-21324
"560,173,066",28844,20,1233
"566,816,399",177,1,52
"517,975,910",12014,7,518
"14,727,787",86411,27,4984
"576,667,015",115099,17,-6343
"563,428,411",2273,2,1350
"12,739,805",24107,35,60
"549,921,005",10840,16,1458
"534,325,521",21350,8,4170
"563,200,257",741,2,214
"558,459,772",2447,2,756
"510,871,743",33212,25,-724
"521,470,584",4532,5,543
"560,826,424",20696,26,1538
"556,211,579",46,1,27
"520,942,402",5824,15,157
"504,412,138",108561,15,1128
"550,679,950",16090,15,3110
"577,450,198",271398,27,17098
"575,580,645",19580,3,1653
"521,916,515",4420,5,999
"550,821,480",27224,26,-88
"576,267,573",1825,1,685
"566,548,933",3796,6,342
"576,712,009",18603,9,-686
"566,974,105",3243,14,429
"578,650,183",1373,5,273
"556,944,110",23429,18,2114
"575,961,544",15373,3,9060
"577,219,246",13529,15,2105
"560,884,180",162257,27,-1175
"325,308,224",79,1,79
"567,216,771",25106,24,1629
"560,025,374",3329,3,537
"510,071,454",10076,18,1347
"559,599,161",353,2,0
"15,289,257",18429,13,2664
"577,455,111",50726,21,4406
"208,514,956",12351,5,315
"550,387,959",12337,15,177
"556,132,855",16703,26,2029
"558,889,501",3154,15,649
"556,175,067",10287,16,-779
"504,640,491",8697,10,1422
"561,689,397",50,8,4
"536,556,474",5680,14,197
"556,602,075",42080,16,590
"579,148,601",55635,7,3279
"574,941,533",12544,22,1757
"551,621,610",16367,19,1442
"392,195,224",27139,4,5509
"566,760,969",9081,15,1127
"566,582,421",1515,1,685
"575,195,259",21411,14,4498
"577,896,378",0,1,0
"576,970,989",0,0,0
"560,597,223",151,1,33
"556,410,742",4419,2,145
"520,986,908",41,2,27
"482,790,865",0,0,0
"288,619,408",93,1,33
"554,780,957",25070,14,883
"558,431,520",10300,14,382
"553,549,874",9035,16,1623
"519,877,018",54,2,27
"405,603,037",94688,26,2666
"558,582,031",8642,1,2010
"557,875,134",63201,17,5933
"517,376,651",495,12,132
"561,081,770",1208,4,211
"563,336,940",53,2,27
"528,929,007",440,1,342
"579,218,663",353,2,83
"566,468,031",10741,2,661
"422,531,755",68460,28,-4315
"3,936,840",26920,8,4874
"558,910,546",7877,14,1185
"536,674,405",153,6,22
"21,411,075",7940,5,1613
"534,863,378",156,1,61
"563,562,501",132118,14,4585
"552,086,861",901,7,126
"191,501,953",45374,10,5067
"563,350,868",4795,7,1253
"481,685,650",15490,17,1593
"566,358,004",1492,3,-164
"477,891,429",13496,14,1348
"555,603,257",13280,26,1341
"556,280,559",250,1,-43
"578,239,359",585,6,72
"579,157,033",42456,6,4841
"530,240,830",17548,17,141
"528,903,826",23170,13,3161
"574,574,841",1,1,1
"411,875,502",686,1,122
"550,046,361",2759,5,-461
"560,806,411",4847,15,1209
"576,441,538",28833,7,7834
"521,365,385",484,4,108
"576,940,562",651,6,131
"575,407,965",10403,12,283
"529,763,091",18032,15,632
"559,775,908",46756,19,465
"560,947,594",533,11,92
"521,505,037",19623,18,1586
"563,588,681",18797,27,1089
"191,291,931",43853,8,-10107
"556,493,986",1193,8,-75
"555,259,287",2873,4,643
"556,916,649",9551,13,441
"556,666,150",762,7,-26
"472,625,390",59495,9,2096
"2,648,148",315,1,150
"521,425,603",113536,9,-295
"194,030,309",30884,14,1185
"559,160,203",33580,10,147
"519,651,100",7774,13,286
"515,640,090",995,3,-489
"502,867,599",67622,24,1481
"555,771,328",27130,23,3098
"549,227,217",3361,2,865
"556,287,309",176,1,136
"192,007,059",10035,24,1009
"422,332,251",42012,4,7189
"557,121,645",53461,25,1942
"575,580,908",480,1,83
"552,083,174",0,0,0
"554,631,522",211,2,55
"482,170,718",461,13,46
"560,555,450",26120,19,1026
"575,349,234",1890,8,0
"555,163,366",8383,4,1870
"185,783,693",59783,27,1287
"579,029,272",563,6,174
"574,464,452",1,1,0
"557,401,359",102030,23,9102
"550,212,063",19764,6,570
"477,373,236",4855,16,-174
"534,967,723",7594,14,566
"576,749,897",40294,9,2041
"563,306,088",43,6,28
"566,794,221",22607,25,1196
"517,503,272",36517,24,2777
"563,389,890",430,3,282
"559,184,767",200,4,55
"533,997,162",27937,18,-2493
"579,370,957",658,1,262
"550,599,902",13884,7,3008
"14,208,331",2958,2,529
"124,647,319",4709,13,-1927
"518,734,477",756,5,7
"520,889,723",1424,5,256
"510,071,330",476,3,-110
"555,296,040",48672,14,3514
"574,544,798",21219,25,-682
"200,300,753",4119,22,74
"576,015,674",1665,2,316
"549,180,542",57937,22,880
"534,408,123",54639,13,-2425
"530,055,232",12682,28,450
"552,196,077",15,1,13
"530,056,388",916,3,244
"518,918,445",5619,3,1532
"188,476,157",22946,24,2325
"556,027,544",164,9,26
"578,414,333",1942,8,320
"184,642,936",18112,17,752
"472,776,759",49156,22,3236
"561,431,951",77036,16,-4429
"559,120,653",3702,9,-85
"575,641,545",1002,2,343
"515,770,000",9816,6,840
"504,538,857",2706,4,384
"551,931,727",1713,9,324
"555,151,704",13264,23,968
"549,676,093",10929,8,1309
"556,708,518",260,3,137
"560,819,395",4544,4,-2392
"406,645,629",915,9,111
"558,397,675",174595,23,7680
"560,943,276",15732,25,3025
"576,545,576",123775,21,10657
"567,226,920",23917,5,3066
"577,178,128",103442,9,1763
"559,119,974",11442,6,2679
"561,568,799",28240,26,3371
"577,787,584",62719,7,293
"577,386,536",40,3,4
"578,819,307",3532,7,295
"549,217,370",42626,6,1685
"556,742,778",245,2,61
"482,739,553",28754,12,7142
"550,364,492",47781,15,4147
"579,105,311",1145,1,258
"578,416,599",240022,28,2559
"515,760,155",6866,11,1117
"519,549,102",21918,25,1018
"534,013,281",37130,9,5295
"528,795,397",4589,2,1952
"556,707,982",62778,26,2121
"554,324,645",6341,2,674
"578,313,246",546,17,173
"407,992,296",2361,4,262
"567,033,861",6033,6,746
"555,095,308",22,4,15
"558,996,213",331,4,88
"521,255,680",11021,19,2936
"529,433,288",10971,16,2035
"561,452,641",246,3,81
"575,551,882",108234,22,1957
"556,124,297",9752,8,-2165
"511,064,484",1410,2,-1088
"577,801,764",20854,23,2231
"579,206,004",34632,3,9512
"550,798,366",7300,26,919
"575,909,247",103807,24,5295
"534,467,731",1519,7,109
"187,561,549",44796,28,-245
"516,782,549",570,15,188
"516,716,054",13483,14,936
"566,312,718",3324,13,630
"534,720,508",14508,19,-249
"559,796,704",10789,3,958
"576,055,019",59564,22,4900
"513,031,957",74,1,33
"574,985,709",1655,4,384
"534,954,412",6293,22,-771
"575,075,217",255,2,136
"561,640,684",7971,4,1086
"567,268,522",4354,8,1870
"188,959,523",52082,13,230
"566,090,061",19684,9,722
"556,486,036",0,0,0
"559,720,242",21356,28,1601
"550,830,201",446,16,72
"534,419,570",19625,22,-98
"577,622,794",44605,8,-318
"575,972,738",915,3,40
"21,943,562",10115,4,926
"575,762,299",0,0,0
"557,028,393",6093,3,510
"576,989,850",48429,2,5911
"555,647,919",3724,13,-7
"577,723,047",20211,13,-140
"576,727,562",72,20,24
"559,523,485",167,7,94
"534,263,161",22291,12,1705
"560,829,161",15025,12,2740
"555,354,326",25560,8,-1386
"519,090,315",5488,11,1525
"551,711,741",250,3,41
"561,475,057",284,1,40
"556,618,169",300,2,42
"555,675,525",1851,5,110
"577,933,778",439,8,87
"558,536,610",250,3,1
"197,751,492",44342,15,2902
"516,782,641",7,1,3
"516,791,613",26036,26,2481
"550,475,873",8276,3,677
"551,690,369",23325,24,1248
"579,026,275",191,3,76
"558,826,828",86220,23,-5446
"556,399,595",12042,27,1821
"556,587,621",19694,25,90
"576,737,871",150157,18,4894
"190,307,220",9190,13,772
"518,717,514",722,3,28
"576,307,317",97,5,34
"563,356,406",2120,15,232
"208,032,359",10566,22,980
"509,878,103",510,9,-373
"199,703,255",5840,24,1006
"536,464,277",5004,25,197
"519,617,575",7910,15,612
"112,611,940",8756,11,537
"517,923,281",538,7,97
"566,801,657",43976,15,165
"558,497,959",57294,25,624
"578,011,219",4627,6,1982
"517,705,182",92,4,31
"516,752,278",131897,23,270
"519,476,888",10113,17,1211
"409,217,943",3477,8,1833
"555,570,953",1329,2,28
"559,501,389",1882,11,341
"415,029,550",243,2,-122
"574,587,014",1600,4,506
"515,770,003",393,7,71
"556,107,103",6,6,5
"579,181,173",60874,3,6933
"566,111,800",1391,5,201
"561,889,886",3073,12,200
"216,750,271",6436,4,798
"534,195,492",24297,24,1167
"560,926,430",5645,11,-2148
"510,957,634",27984,10,5488
"555,190,326",69092,10,2503
"536,572,999",287,6,108
"550,644,656",375,9,68
"560,331,866",4207,7,688
"578,009,930",24347,23,1214
"577,480,276",8466,6,627
"574,792,933",11084,7,488
"566,195,105",26473,15,-427
"577,425,735",5543,12,2052
"563,287,742",39140,20,-918
"554,217,793",2364,5,-68
"577,955,127",814,2,122
"556,480,629",218,9,87
"503,492,006",24155,6,3221
"517,481,648",20950,7,1492
"555,566,797",53275,27,5348
"12,207,360",4829,10,446
"577,922,131",15235,7,1087
"575,059,246",297,2,27
"559,126,281",77,4,8
"533,828,574",1388,6,236
"560,829,577",33660,24,4052
"560,521,720",192,4,135
"551,388,195",2646,18,519
"574,543,961",10962,11,1177
"18,284,289",476,2,230
"574,698,940",54687,10,1300
"556,881,539",7739,4,554
"577,896,443",141,3,68
"530,073,737",50502,16,-915
"576,174,750",1201,9,149
"11,408,664",260547,28,717
"561,492,266",118,1,20
"563,393,555",1027,6,148
"567,212,764",22440,12,1039
"549,470,402",1650,1,746
"551,467,251",500,19,150
"576,300,808",539252,21,5333
"412,065,703",86,2,65
"578,680,777",160777,8,-1736
"577,326,052",85254,28,3318
"575,461,028",72,1,40
"550,945,094",2275,23,342
"549,994,327",15482,4,4535
"536,674,606",17656,19,2644
"529,568,795",41121,14,4961
"415,017,640",17515,17,-4100
"536,674,872",6948,6,-118
"555,346,376",24,4,14
"195,910,789",31253,6,1942
"213,794,505",982,4,361
"557,236,640",37432,11,247
"553,875,763",1143,1,281
"577,166,878",30883,2,9428
"503,408,149",3899,4,398
"553,539,150",4571,6,1534
"575,294,919",13,1,13
"519,715,079",781,9,-14
"577,451,165",60572,10,5989
"407,734,725",13370,25,628
"183,861,359",26477,13,2299
"517,475,948",157,8,52
"577,046,263",36727,5,4034
"554,823,355",88,4,24
"415,324,800",1218,5,-147
"534,974,762",132460,25,12177
"533,996,560",35746,19,-4081
"578,170,836",38,16,22
"184,217,274",36162,6,1406
"576,884,967",41554,13,1359
"554,654,074",21749,4,2927
"521,405,212",10905,26,878
"556,625,070",6,2,3
"557,288,614",1372,2,254
"195,766,977",6319,25,1142
"575,363,802",23497,2,-1906
"576,657,155",9,3,4
"556,002,720",30083,11,1808
"143,990,756",25148,22,1335
"556,267,354",209,1,41
"575,023,077",26478,22,-952
"20,394,591",141722,24,1416
"557,230,829",57,13,16
"578,032,172",26039,7,4758
"556,080,625",33662,20,-1437
"550,627,781",35580,26,2659
"413,652,559",42,5,14
"553,862,239",2688,6,432
"577,498,321",23025,19,2914
"553,902,403",50305,9,-8289
"519,540,246",207,3,-20
"575,049,562",684,2,370
"210,913,928",130213,25,956
"214,396,121",514,9,133
"536,660,482",1416,12,255
"550,356,963",14345,4,1200
"188,565,222",30201,14,3060
"481,562,459",17448,8,1342
"558,677,047",47,1,28
"550,728,946",2065,1,137
"577,570,547",48569,9,1598
"577,572,314",34272,18,3581
"560,358,916",62072,13,-3188
"528,933,941",435,8,105
"517,998,754",31023,16,1331
"392,676,061",705,1,312
"117,639,988",3071,4,451
"576,471,427",397,16,84
"553,541,234",163,5,69
"550,815,664",116911,28,6284
"566,077,964",2868,2,1343
"552,179,507",4923,10,506
"516,085,872",1,1,1
"406,509,533",131,3,43
"534,281,901",50,1,3
"530,027,498",277,1,134
"574,934,820",219,4,79
"415,041,024",4071,17,916
"510,730,189",2703,6,225
"578,451,813",1058,1,149
"559,574,162",0,1,0
"560,956,610",520,2,95
"575,815,016",551,10,145
"551,761,894",61156,28,10513
"551,128,310",176,2,124
"15,237,814",28084,2,-2180
"559,166,606",1159,4,74
"529,328,876",69449,26,3207
"519,323,431",3568,8,257
"574,464,722",6606,8,-972
"555,294,790",4,3,4
"552,326,094",553,2,279
"558,810,548",466,5,141
"284,413,882",1541,7,357
"210,266,217",87495,24,1771
"7,295,223",8411,11,731
"415,444,510",37532,26,2092
"575,582,756",11692,15,2042
"578,152,419",243,2,136
"576,232,641",549,7,111
"536,556,966",340,4,136
"560,234,517",1167,8,95
"558,585,318",1855,2,127
"563,403,340",11830,15,867
"514,049,580",16274,25,-903
"550,443,029",19664,22,876
"577,429,519",113,3,1
"550,788,824",36908,25,3931
"536,657,029",19984,19,-328
"21,515,108",15068,24,1111
"560,522,140",3279,7,367
"576,776,476",118905,22,-809
"561,535,934",1654,6,1363
"556,174,796",11,6,8
"186,189,827",52411,8,4597
"521,624,737",503,9,4
"574,691,575",16242,5,958
"530,240,688",0,1,0
"558,837,198",8807,6,1807
"560,806,609",15331,15,2062
"190,733,813",16255,14,891
"575,823,168",11537,23,-1653
"561,041,621",37198,22,3687
"551,574,993",8777,13,514
"550,875,340",4463,3,704
"510,987,543",20,2,14
"519,064,038",73534,23,8833
"579,218,681",1247,2,197
"551,586,687",4809,13,30
"3,259,956",30030,19,1658
"550,017,196",681775,28,17615
"515,831,291",59111,13,2135
"566,511,190",85,15,45
"552,309,427",75,1,35
"552,267,585",17224,5,2999
"559,794,735",96,3,18
"520,879,954",18527,4,3165
"521,281,427",1063,5,44
"574,873,023",29588,21,1369
"576,343,960",31721,28,311
"576,519,873",8686,10,1854
"556,185,726",2507,6,272
"567,134,914",31357,22,-2696
"577,941,962",18576,13,-516
"560,405,274",146,1,27
"554,794,392",57419,12,2204
"563,577,321",5815,6,236
"558,872,121",23187,20,1349
"560,834,903",456,3,-395
"555,793,593",7363,7,-1648
"575,103,314",675,11,148
"206,934,471",34906,9,4069
"559,597,195",672,5,164
"504,521,220",5853,10,1224
"560,886,781",37578,22,2115
"514,069,253",209345,4,1501
"555,217,415",357674,24,7971
"575,022,798",349,9,52
"561,501,478",4317,13,888
"560,603,336",1488,4,162
"563,481,309",2846,9,-1213
"563,454,843",18785,13,-2597
"577,896,615",828,3,136
"555,659,375",0,1,0
"575,005,260",36,1,27
"559,722,584",28208,26,1218
"557,293,972",1515,6,49
"551,528,985",10247,11,1347
"577,045,926",30118,7,3374
"578,143,620",3313,1,1358
"578,178,153",51286,25,4409
"555,426,044",3692,15,543
"554,566,850",27161,7,404
"534,313,215",14886,21,2
"356,632,743",34417,11,3852
"558,880,769",8343,4,479
"575,004,668",6828,4,1991
"576,644,851",82,2,54
"517,731,392",5966,15,667
"559,689,092",14073,25,999
"203,897,623",798,6,27
"579,353,736",29608,1,8057
"554,871,016",46,1,27
"550,195,697",27811,2,2478
"186,419,797",276,1,100
"208,558,810",53463,9,5782
"556,452,941",4762,17,617
"558,500,189",7041,14,550
"516,896,320",65840,21,56
"577,823,102",73705,27,-9
"514,105,378",3992,6,-376
"17,798,136",4444,7,1277
"528,764,425",84375,27,-3357
"578,479,234",26886,15,3930
"566,274,349",5392,17,1863
"551,735,498",707,2,154
"551,521,173",65035,18,2599
"510,567,988",3775,6,663
"550,281,811",65729,24,5104
"519,446,677",18098,5,-100
"567,071,374",105409,16,14334
"504,549,626",1002,2,130
"560,044,105",777285,19,-34718
"20,422,054",33999,20,3401
"513,009,008",12859,12,1220
"579,128,815",5753,2,-3540
"196,174,012",7857,10,1290
"574,691,549",7289,15,585
"561,347,636",4386,2,1341
"556,667,138",8188,5,-1091
"559,411,035",310,1,134
"576,148,985",813,2,98
"577,667,903",18573,23,1578
"577,235,360",206,1,135
"191,045,888",17773,23,1249
"558,550,341",3271,2,249
"557,105,929",31206,19,-923
"578,360,669",386,6,95
"510,448,796",15969,14,1071
"567,061,743",0,1,0
"510,622,516",13437,21,1215
"549,977,747",1757,4,-337
"561,031,582",132,1,30
"111,834,441",774,2,280
"13,767,118",324,1,100
"574,446,376",2476,21,636
"554,633,032",12239,21,1113
"561,975,746",1059,3,-368
"574,926,564",136,1,136
"552,038,177",463,14,82
"550,859,922",15178,5,851
"576,657,861",21544,16,1276
"202,580,791",61001,21,30498
"560,322,681",4343,5,770
"529,568,866",460,1,-160
"576,908,181",75814,26,2951
"552,354,181",22766,26,746
"559,051,934",9507,15,-369
"517,589,584",381,6,180
"577,889,556",33332,19,1019
"519,824,866",6124,5,-1313
"552,157,253",17063,12,1098
"575,840,123",16247,9,-1770
"554,964,386",7,1,5
"575,839,814",13473,16,2213
"533,978,948",29614,24,-75
"566,645,257",489,4,46
"550,442,437",36872,28,-2617
"183,767,139",13996,4,1717
"550,652,228",2591,9,103
"536,647,668",3007,2,1443
"422,505,987",6559,3,1031
"578,849,526",753,1,329
"11,183,537",27840,24,1038
"577,524,619",147,1,135
"556,234,089",5179,2,-1640
"549,195,231",7029,14,510
"519,240,879",130,3,53
"576,419,850",14523,10,1124
"406,504,843",12100,15,-383
"578,539,390",1632,4,246
"561,050,297",279,4,60
"515,769,990",37389,8,2517
"555,566,727",363,13,163
"521,839,591",447,2,81
"521,363,911",1819,1,285
"576,336,651",1308,2,-105
"536,674,517",21890,10,-2063
"550,544,535",14286,22,1076
"529,779,427",935,6,85
"504,380,241",864,3,234
"521,489,560",224,6,26
"578,709,838",450,1,302
"555,572,493",10481,4,585
"579,159,544",7642,4,3726
"534,580,531",107,1,41
"566,628,639",256,3,143
"579,053,381",1517,1,318
"530,233,956",2752,4,233
"551,634,147",4970,22,958
"415,875,688",10621,14,1277
"9,696,560",5885,4,2179
"578,652,606",111952,7,4821
"577,303,793",14828,9,816
"551,653,105",821,11,-45
"416,046,961",5573,7,736
"555,661,816",650,13,118
"563,205,832",35347,25,2067
"517,494,249",56087,26,6720
"556,885,068",402,12,33
"534,925,842",651,2,473
"513,702,043",1881,5,559
"556,865,951",11480,7,1167
"509,985,917",32,2,26
"575,074,261",6469,4,778
"549,630,325",2,1,1
"575,591,401",121,5,18
"534,336,974",12083,5,1604
"556,236,790",5851,17,498
"517,780,250",659,5,184
"563,316,070",368,3,-233
"560,951,276",266,5,-36
"578,626,808",497,7,264
"566,595,478",111,4,35
"578,378,998",85853,22,6096
"519,910,394",10300,19,758
"561,356,022",24942,4,5047
"521,923,017",2088,5,1092
"578,032,132",23007,14,3305
"555,616,218",9966,8,1102
"517,960,404",986,22,339
"555,295,065",4310,11,283
"578,352,104",45043,17,1908
"521,359,381",1460,4,287
"518,091,236",15768,27,1991
"510,422,517",28677,15,2464
"553,960,724",497,1,271
"472,772,629",15499,6,477
"576,326,328",1353,1,200
"517,915,748",165,3,41
"551,508,928",5433,4,440
"561,860,821",45085,6,3618
"6,144,162",40115,30,3252
"561,379,079",400,3,135
"536,671,704",12739,18,3371
"190,045,343",173472,12,11413
"516,903,312",179,5,-66
"551,633,611",7122,7,31
"528,848,872",321491,17,-7550
"517,978,235",252,6,28
"519,885,494",6,4,3
"557,278,814",1138,8,217
"556,515,420",7535,17,552
"554,807,204",184,1,63
"578,599,658",239,6,154
"549,769,902",974,9,315
"555,141,418",55469,21,2070
"574,935,477",0,1,0
"4,680,939",28005,4,2684
"578,601,236",809,10,160
"529,097,179",9930,22,1152
"559,214,519",44855,26,-605
"510,026,601",5523,12,1225
"577,469,387",526,9,100
"559,587,266",156,2,95
"557,376,202",7313,15,9
"550,810,207",27842,22,109
"554,851,848",1935,1,-623
"567,029,992",610,1,248
"556,728,866",37543,17,1514
"576,148,160",24021,19,2699
"549,821,854",28678,25,785
"567,190,024",0,1,0
"6,189,329",2033,3,302
"555,718,647",31502,6,3344
"558,550,349",12633,3,3499
"561,506,434",13794,5,762
"555,094,104",8951,24,952
"517,848,587",4543,8,680
"558,860,841",10996,7,1711
"576,807,684",36611,23,1371
"578,901,507",569,3,321
"521,734,959",5633,28,131
"575,102,422",7361,5,2029
"517,673,045",612,2,-604
"510,538,395",173,2,114
"576,782,793",20208,22,-2197
"521,551,317",179,2,14
"576,416,293",32451,14,-2806
"563,148,342",125,1,53
"479,047,063",16489,10,1867
"557,537,258",132541,15,2062
"559,157,764",6,1,1
"559,505,111",2981,3,99
"577,629,144",74959,13,1707
"577,255,829",11175,10,656
"560,551,623",4585,3,978
"9,690,435",159385,18,6848
"529,520,992",5151,23,1638
"566,938,432",16894,2,989
"559,139,288",687,2,203
"578,005,744",576,9,-198
"510,702,860",156,1,137
"557,029,296",17064,18,164
"519,955,515",23376,18,1535
"579,118,931",23224,11,-7541
"577,031,546",13133,19,1140
"554,192,908",4095,21,889
"557,107,745",114,3,41
"577,543,563",27527,16,-2239
"559,451,231",1414,22,123
"577,451,105",4648,2,101
"554,696,548",4831,17,584
"575,758,661",16389,14,435
"555,847,674",730,4,98
"576,441,884",6650,4,2000
"559,851,660",65,6,7
"200,142,125",1072,1,201
"559,562,868",415,1,14
"517,868,071",1288,13,698
"550,258,581",16951,20,1148
"422,297,397",677,12,108
"577,425,531",976,1,403
"574,859,869",18772,27,902
"555,449,734",69111,20,3992
"504,757,321",41494,20,-5642
"515,770,035",3955,15,652
"578,677,982",18276,11,3492
"575,581,987",3107,12,-505
"576,807,339",13840,17,138
"189,839,234",5696,4,733
"578,660,082",1927,2,268
"550,648,359",0,0,0
"577,159,680",28360,23,2724
"536,598,500",292,13,79
"534,764,789",11218,14,1733
"183,231,266",48457,2,813
"211,900,359",9174,13,1860
"577,863,936",81440,21,2577
"549,673,074",40,12,-69
"519,506,195",54,3,30
"577,689,573",15,2,4
"576,799,183",5373,2,-3572
"555,420,940",41918,28,2452
"533,862,975",371,2,229
"192,090,371",1,1,1
"511,127,365",18,1,1
"188,693,862",54315,24,1437
"536,675,393",11293,25,1510
"555,151,970",54501,25,2558
"577,569,415",96205,23,4248
"559,030,556",40939,13,1137
"577,895,800",21655,3,2043
"206,075,853",1425,2,30
"566,090,223",3689,9,852
"566,908,536",2787,2,657
"557,258,315",1430,2,74
"517,733,333",13613,24,-2852
"566,877,620",73950,22,2555
"578,626,829",1102,4,243
"549,466,670",216,3,68
"422,072,809",777,7,91
"17,110,277",8613,10,2054
"563,507,015",21684,23,1658
"196,266,578",25925,1,-3110
"566,254,799",84551,13,-9989
"160,101,764",8920,26,1392
"577,889,577",11613,14,153
"510,630,708",587808,22,14796
"519,590,070",9242,13,783
"566,342,778",129288,23,-2
"557,111,552",5239,5,-635
"560,871,952",7905,10,334
"566,476,493",4812,7,556
"534,765,573",12681,19,66
"517,548,691",508,3,93
"557,337,323",971725,16,34224
"576,942,739",28736,25,732
"555,385,517",18101,7,1604
"566,848,020",97354,24,7448
"519,986,006",56632,13,3482
"517,730,988",50683,7,-11530
"575,814,514",1089,8,72
"536,674,922",390,4,31
"574,657,129",2321,10,1137
"555,963,160",111,1,33
"392,199,250",60620,11,1766
"208,436,331",29059,13,1000
"578,762,810",1160,4,206
"285,704,044",483,12,109
"558,393,756",4438,12,995
"478,662,835",8777,3,1732
"549,556,291",20535,3,2047
"550,679,660",215,5,139
"549,320,248",11844,20,739
"564,014,337",49,5,7
"482,802,418",97872,14,3057
"566,214,619",19108,21,127
"578,736,466",162526,6,5217
"549,246,649",19811,10,1028
"2,973,111",31079,3,6753
"551,934,519",277,1,51
"550,323,862",21158,24,854
"563,345,786",52585,19,2116
"206,973,343",44838,13,7366
"530,217,063",12438,9,1290
"554,072,615",9624,17,1823
"574,955,411",10258,13,-2950
"504,881,568",443,4,91
"554,070,054",775,11,139
"555,686,257",26479,13,3382
"574,966,233",13842,3,474
"550,754,111",13495,5,2053
"551,675,888",21575,26,3047
"534,508,044",3145,3,313
"576,183,673",4049,7,950
"549,785,222",3207,18,766
"550,675,778",54556,8,2769
"519,032,030",303,6,-78
"557,061,360",34712,2,7478
"566,374,138",6394,13,1160
"575,534,088",17028,3,1436
"536,683,986",12896,10,719
"551,974,008",12834,10,2066
"557,167,979",779,17,152
"556,399,321",27235,15,3921
"578,626,081",295700,13,5567
"578,819,275",1329,5,357
"482,849,977",133055,10,6309
"528,836,039",4352,2,1088
"521,883,659",22941,21,-246
"415,980,303",2049,20,386
"536,672,587",6,1,3
"409,302,788",17803,24,1370
"576,856,591",666,2,81
"559,543,452",11728,21,-164
"196,902,806",1370,6,334
"575,200,633",5896,4,1480
"566,993,872",31170,13,2899
"534,943,794",17202,15,-2064
"566,928,241",56257,11,11258
"555,658,496",8964,12,1481
"577,635,766",21698,18,-212
"529,032,029",496,1,190
"556,172,317",446,17,224
"515,644,250",23634,23,2940
"560,143,566",28292,20,1703
"392,919,749",175098,25,6561
"577,177,656",28627,7,2058
"21,230,447",30315,17,1498
"556,235,104",37768,19,653
"558,508,052",13382,6,1353
"196,842,431",147980,6,1458
"555,088,607",9862,13,2481
"558,547,936",4760,2,-60
"422,310,136",1082,11,-720
"517,465,675",0,1,0
"560,325,800",631,1,190
"551,471,843",8073,27,1208
"2,529,487",12824,28,2072
"566,456,317",19123,27,1482
"511,028,342",9861,10,995
"560,117,674",18861,7,2186
"554,927,674",27830,6,-8767
"190,813,431",3969,3,173
"519,285,731",22163,10,-159
"253,798,853",14952,5,664
"519,357,858",19858,16,3820
"559,459,540",18414,26,175
"578,726,915",35174,12,4388
"555,572,070",109,1,23
"551,420,613",9882,17,1199
"577,345,913",21093,3,1206
"574,622,715",30176,25,529
"16,760,375",38451,28,2740
"198,238,770",91358,27,5632
"557,057,754",265,2,126
"554,576,688",55795,27,2475
"557,213,589",195,2,54
"552,302,224",28436,27,330
"560,836,658",1118,4,89
"533,919,037",1236,1,266
"561,901,574",51,2,7
"555,283,615",39587,17,4655
"559,475,399",3040,6,405
"559,700,300",2664,15,402
"575,686,777",16922,28,2375
"17,185,226",72109,26,3903
"561,472,926",26950,4,2822
"514,049,757",5961,5,1393
"519,885,906",593,1,298
"550,309,249",2939,13,275
"414,063,940",10503,25,484
"555,413,084",3867,6,188
"579,043,510",93508,10,4425
"20,227,399",11925,4,3736
"577,356,797",2557,2,733
"549,169,602",875,8,188
"550,215,037",183,4,79
"560,918,275",9401,14,2098
"555,587,045",7,1,-7
"559,641,560",29,1,13
"533,807,821",133,1,55
"554,689,971",23868,13,775
"577,762,278",21928,4,1071
"550,360,948",6,4,6
"554,778,666",1140,8,378
"579,371,727",10975,1,294
"578,514,370",489541,26,14492
"559,588,601",3484,15,96
"566,414,612",1018,10,467
"563,237,268",3723,5,463
"579,242,454",1337,6,-17
"577,228,886",24039,7,-1651
"205,533,752",27678,15,-4258
"213,695,799",152,2,54
"529,341,526",7360,12,1781
"521,657,142",79,14,58
"23,433,406",7075,2,1092
"550,816,024",10163,4,1225
"555,824,060",44404,11,-1598
"575,534,176",42889,7,134
"577,487,842",38212,27,2373
"534,448,216",23094,11,4341
"551,632,906",3815,6,242
"528,899,212",9811,8,919
"3,653,352",13416,10,1700
"202,077,665",26804,27,-373
"415,418,864",19255,11,-2292
"577,851,991",2707,8,281
"554,069,411",55842,11,17180
"528,732,294",17977,19,303
"556,948,819",18,2,15
"555,113,466",34153,2,1397
"4,540,367",3653,5,-102
"556,030,997",226,12,39
"551,854,262",40766,14,-843
"515,759,914",227,12,20
"560,406,396",7112,7,1611
"510,684,322",21,1,1
"576,318,814",35543,8,2418
"577,151,159",5444,2,2015
"577,280,664",10494,10,1232
"555,325,706",71446,26,3904
"555,256,226",351,5,131
"555,171,070",8615,17,813
"560,120,814",2038,1,542
"521,891,433",356,1,134
"556,507,953",4864,3,1089
"399,659,774",42149,22,3135
"551,715,483",66248,15,712
"515,572,992",529,2,204
"575,914,175",1712,6,162
"536,500,096",6956,4,1611
"514,001,428",2093,13,368
"551,765,538",7590,28,1653
"409,247,162",13364,22,-215
"567,088,059",4237,8,236
"534,052,965",24345,15,667
"560,943,252",24498,22,-2541
"481,483,718",3102,17,-281
"477,178,595",15414,14,84
"529,325,313",46131,11,-4879
"577,985,334",15354,18,-623
"575,783,259",2370,1,671
"574,464,634",14697,10,-960
"579,218,649",1495,1,534
"550,040,375",41158,7,-54684
"551,644,329",21197,18,227
"576,586,131",231,1,134
"411,391,487",22263,24,1950
"554,276,982",4378,12,966
"577,572,688",103942,22,-1986
"567,226,380",4908,11,445
"559,526,139",393,2,339
"529,450,806",372,2,41
"8,527,174",669,2,14
"530,060,241",7180,3,1292
"560,338,568",603,6,67
"559,149,353",3,2,3
"550,698,447",362,7,47
"551,741,885",6040,5,432
"198,422,094",22728,27,1132
"552,051,114",343,2,134
"579,030,290",312,1,271
"120,353,894",3988,9,51
"555,660,052",3442,6,1164
"566,724,428",9435,13,1708
"567,072,592",394,8,122
"560,525,054",14868,18,2002
"513,930,770",23231,20,2191
"209,788,745",9425,4,1272
"576,784,957",725,1,361
"558,837,857",79231,18,2915
"379,301,744",39467,23,-3810
"533,975,611",7239,13,1119
"529,352,905",126,2,83
"560,820,153",5720,21,1327
"518,894,549",204,6,139
"521,510,320",507,6,209
"566,705,243",42242,17,1994
"560,838,982",106,8,58
"555,707,466",10341,9,729
"566,893,464",10718,10,650
"559,488,645",19782,11,1877
"555,138,178",968,4,-945
"577,108,800",464,9,150
"577,839,673",14584,6,1197
"197,762,023",23738,3,-6567
"554,697,885",471,4,103
"216,746,105",10817,10,346
"578,826,801",829,1,277
"560,618,639",20054,18,2061
"529,046,040",853,5,285
"578,407,439",695,5,193
"549,884,262",375,3,50
"555,420,286",4232,9,510
"558,709,766",12405,28,806
"576,361,002",1691,5,674
"567,160,066",30299,27,3632
"561,041,447",1554,10,517
"530,276,137",5381,4,876
"536,460,824",2367,14,6
"578,152,233",379,1,71
"528,814,405",24928,5,393
"407,675,959",37455,23,-796
"566,418,391",42088,12,806
"22,270,010",56855,27,3976
"556,809,633",3027,8,674
"559,027,930",12204,17,2005
"575,814,898",310072,28,-3083
"579,143,503",297,1,272
"576,961,162",2273,5,775
"502,871,526",224,3,85
"563,354,500",36324,28,985
"204,927,084",10177,19,2158
"575,899,575",1589,5,-118
"559,879,719",87,1,-339
"575,654,341",37,1,27
"5,467,565",74571,25,1941
"558,868,052",11416,19,1344
"560,299,768",11532,12,2161
"559,679,016",48278,15,-3840
"557,294,031",18627,21,378
"517,370,846",11176,17,1427
"391,498,858",258349,26,-5942
"558,367,304",35851,23,2025
"529,719,630",10028,10,199
"576,704,242",28212,6,1484
"550,765,255",11262,5,351
"577,350,952",11553,19,1104
"578,592,036",1421,1,279
"551,443,711",779,6,86
"557,380,765",13876,22,2090
"515,488,464",261,3,89
"554,946,353",92,10,14
"534,713,558",248,1,27
"575,560,156",25320,13,1991
"502,883,420",119470,27,6260
"558,479,192",50836,24,5035
"554,754,815",21089,4,3114
"560,597,529",539,1,311
"567,213,532",15372,12,-2264
"575,196,403",30246,20,1770
"186,978,836",6367,3,-304
"558,714,880",115,14,61
"529,446,010",10265,7,2712
"549,247,222",485,8,-246
"579,156,257",180591,9,3676
"515,667,633",477,5,125
"555,390,329",108,10,45
"549,375,723",1914,4,-2027
"529,762,333",602,3,174
"414,765,488",5172,13,43
"576,299,305",539,7,80
"558,974,112",86,3,55
"557,236,086",330,1,133
"515,801,077",198,6,111
"518,874,675",23150,21,3652
"557,082,981",820,3,49
"576,121,121",1,3,1
"555,453,158",29362,9,-516
"210,684,834",57380,26,2385
"240,274,096",53472,15,1881
"579,228,361",42,1,21
"422,474,253",53991,14,939
"552,021,811",360,4,141
"517,683,349",4341,4,512
"574,564,935",11404,24,1662
"501,473,200",6850,12,1127
"556,048,047",15847,19,103
"578,034,551",81716,9,-4194
"563,627,033",605805,28,15251
"561,679,897",43654,17,1889
"519,333,224",5105,5,627
"549,979,513",77606,15,5030
"555,611,882",12020,16,-546
"550,176,532",44404,23,4061
"556,263,269",122,2,-20
"578,657,868",1948,2,339
"530,241,950",18487,21,251
"579,218,813",6671,4,372
"534,411,173",277,1,134
"399,689,718",8135,3,1337
"577,841,791",5933,1,1100
"556,265,808",11095,25,1753
"519,704,218",37,10,18
"517,555,130",132,2,7
"554,982,472",0,1,0
"210,354,518",30321,27,495
"194,044,581",30527,7,2247
"579,342,445",952,1,228
"574,724,817",24897,5,350
"577,739,662",11229,8,1090
"551,759,710",696,1,32
"12,322,623",6780,3,1600
"579,126,931",483041,10,9821
"549,924,719",30,4,7
"521,594,677",168,3,83
"554,241,994",2850,4,102
"554,936,702",4385,7,481
"579,251,459",2688,3,-754
"510,656,298",6928,16,1367
"556,357,663",1823,7,514
"551,493,095",246,11,79
"2,673,491",4837,3,1198
"574,860,139",5482,12,909
"551,953,334",3583,18,872
"415,759,378",18426,12,1705
"551,772,989",1116,9,194
"516,928,883",60,8,36
"549,631,591",4699,5,143
"416,049,405",85274,26,2973
"577,903,184",1397,3,775
"87,183,810",19371,21,1330
"521,660,947",16960,14,1024
"516,845,905",4049,15,205
"578,067,652",768,10,168
"566,362,356",171,2,149
"559,862,712",8851,5,145
"566,075,258",902,4,126
"578,336,909",46353,22,926
"519,736,125",15517,17,-614
"578,946,822",1140,3,278
"557,063,414",1804,10,307
"566,272,468",393,2,147
"555,784,440",28636,28,1959
"576,712,263",38814,8,-8142
"554,126,408",1912,8,55
"529,352,282",124049,26,3892
"560,567,924",15,1,13
"563,240,002",1352,17,244
"574,991,735",2404,13,422
"199,389,824",277,5,72
"575,437,518",155686,13,4919
"519,986,039",1722,3,-1423
"207,001,576",53404,27,-1688
"566,792,021",1,1,0
"556,175,470",21406,28,773
"555,969,542",31987,19,1965
"560,437,926",101697,22,-2247
"502,896,088",18906,21,2702
"567,222,882",14711,9,2311
"577,802,483",25918,18,5566
"550,341,573",2667,9,316
"577,934,470",49,6,22
"556,696,702",278339,15,7000
"577,821,245",8431,15,639
"533,839,867",335,5,135
"567,125,959",715,1,228
"559,409,743",863,7,5
"555,700,166",27810,22,-3394
"4,696,229",227573,28,-13243
"514,570,001",127,8,43
"554,249,185",74594,28,1899
"521,670,602",83,10,19
"559,667,586",1047,1,132
"521,308,025",22669,19,2180
"560,924,985",491,1,-7
"560,338,339",24821,17,1990
"403,145,532",295829,24,20135
"116,066,905",45693,27,2557
"578,859,029",82497,12,2795
"549,207,581",1,1,1
"75,666,084",436,8,84
"528,976,463",17656,16,1906
"536,639,226",4714,5,1127
"577,617,159",1467,3,683
"554,793,117",3708,3,407
"578,818,646",1625,3,153
"516,051,928",417,6,68
"560,947,754",32425,13,-3303
"205,285,820",22099,20,-577
"414,077,546",532,7,84
"516,679,366",2796,4,41
"515,911,451",6457,12,1365
"560,857,292",676,8,-28
"579,051,523",31925,4,4261
"561,731,590",1513,3,135
"197,909,017",5877,17,1201
"478,142,518",368,3,133
"215,598,869",32232,15,927
"575,765,797",129071,18,3369
"550,133,679",320974,23,35433
"576,702,915",6802,5,-299
"561,682,972",203,9,50
"528,879,621",7887,21,948
"412,895,239",16748,24,34
"560,143,836",4173,2,473
"185,561,572",162196,16,6043
"563,208,171",6879,10,807
"559,501,596",3768,14,380
"555,615,335",8289,5,1368
"566,038,545",5,1,1
"515,714,719",250,1,136
"574,924,650",28352,13,406
"510,345,931",126195,24,-2652
"556,818,436",17769,13,507
"577,934,431",1,1,1
"185,980,563",21153,20,1978
"551,139,118",30982,10,1854
"529,309,911",2,1,1
"578,626,000",1703,7,325
"550,423,283",25827,27,646
"529,810,280",43336,27,7514
"504,371,407",2237,12,928
"560,694,335",13203,16,617
"579,218,702",5957,2,302
"550,925,368",1142,9,74
"560,809,047",45885,21,2716
"560,891,909",202,1,40
"196,889,280",3943,8,825
"575,483,939",151377,27,6297
"554,100,583",5758,10,492
"566,450,501",15876,7,2029
"16,138,967",1926,15,596
"558,872,340",100753,7,6620
"554,581,955",49289,24,2930
"567,032,226",1739,4,372
"528,729,255",821,2,-339
"552,261,343",509,7,151
"576,240,651",13411,25,827
"576,679,995",14565,21,1366
"566,910,358",6292,27,-79
"504,435,924",10582,25,1388
"579,352,700",1756,2,269
"566,288,955",110,9,12
"550,707,599",5615,9,907
"551,432,718",2874,9,518
"559,137,254",80,2,5
"576,483,089",22,1,14
"504,786,203",65750,24,8022
"551,170,341",13981,22,1917
"23,575,375",46500,27,4146
"549,184,140",311,2,163
"551,911,850",55,5,24
"579,071,683",31454,13,1398
"579,351,112",146,1,33
"529,692,341",37871,17,668
"577,889,575",546,19,75
"555,435,924",12171,21,277
"577,002,262",118,3,27
"521,729,033",13657,20,1900
"549,153,987",1773,5,528
"576,807,600",7178,7,899
"15,540,281",10452,12,-246
"559,672,545",1977,9,-379
"567,047,183",610,5,287
"577,324,684",25751,2,1354
"563,150,500",50,1,27
"511,712,243",179162,15,4355
"415,069,934",1,1,1
"555,156,168",359,1,108
"550,054,952",221,2,108
"559,438,659",41712,1,2720
"561,895,332",165,4,106
"567,272,055",1494,3,-175
"550,445,497",8507,6,-220
"551,347,557",6059,18,617
"560,405,000",7589,4,367
"478,688,625",43,1,27
"577,844,875",33709,22,2761
"392,913,179",23742,12,1464
"577,807,915",24209,20,1568
"536,604,451",11419,8,678
"550,536,121",14,1,13
"519,402,019",15627,29,1343
"556,966,248",21539,13,-1427
"560,878,729",89,1,27
"203,711,687",8316,37,742
"578,379,021",2914,5,-193
"567,009,946",413,5,108
"578,407,693",344,1,273
"575,349,148",1871,2,-132
"552,326,307",62405,8,5000
"574,903,932",39,1,13
"515,545,050",48855,16,-142
"516,250,711",26,2,14
"576,269,865",85,12,66
"555,124,509",2571,4,169
"549,098,557",1953,14,247
"561,423,985",60700,28,8296
"534,484,953",1307,6,78
"557,178,413",39510,6,-900
"110,982,612",37605,24,-1453
"555,970,730",4573,4,840
"551,222,532",523,2,40
"517,445,859",3301,8,241
"552,130,319",46665,10,4601
"576,139,773",265,3,-48
"553,878,793",55151,28,1696
"555,505,440",396,2,46
"577,252,690",67980,20,3901
"517,799,543",2310,9,194
"575,548,926",755,2,274
"560,565,305",1731,8,-57
"577,107,647",69,3,4
"556,080,849",1178,8,156
"575,633,713",4483,24,776
"550,685,122",16828,25,1209
"576,846,366",211,1,13
"557,124,100",9540,21,1914
"478,625,480",128,4,41
"575,730,128",1930,9,893
"574,658,191",17926,7,2112
"123,874,285",2579,2,-200
"575,762,695",3498,9,-24
"557,370,679",8582,8,-852
"554,983,619",94,10,16
"556,408,506",18,2,13
"529,328,913",184,3,54
"578,659,861",38484,7,2216
"577,150,855",31862,3,1118
"554,040,248",36486,22,-1206
"566,631,186",23326,14,1181
"472,687,299",828,3,260
"534,446,619",18,5,-48
"561,663,553",4,4,4
"155,574,513",509,2,245
"186,697,616",86231,26,3008
"515,800,860",26,1,13
"185,200,147",7169,8,1095
"414,026,144",18373,13,-1022
"557,052,408",23572,8,-21391
"577,954,984",89886,10,1360
"519,495,357",285,1,67
"555,475,043",495,7,107
"577,844,439",41001,25,-5078
"559,632,027",380,3,84
"561,067,268",9597,5,1244
"413,731,447",102572,6,953
"184,749,412",5864,22,764
"574,873,206",66,2,27
"560,291,251",7536,13,812
"8,144,271",20448,26,1359
"554,163,904",13476,20,1209
"516,846,037",20642,18,1455
"482,103,887",30,6,6
"186,364,983",369,2,134
"576,832,042",4746,13,1007
"530,204,913",1355,3,423
"529,081,764",25373,5,1979
"563,283,953",56,6,8
"519,597,235",26193,19,1036
"519,355,034",114,2,81
"556,601,928",621,2,245
"577,984,560",35980,3,5423
"560,613,628",153,8,56
"517,569,652",483,7,121
"575,663,753",267308,17,1626
"188,638,560",2054,8,173
"534,828,596",133,1,82
"517,638,667",48440,24,-666
"578,684,305",1322,1,249
"133,679,276",136,1,68
"415,960,266",5087,2,4507
"550,097,594",11628,15,1237
"519,301,788",8908,21,416
"577,325,823",106292,8,1954
"575,976,647",24621,13,1168
"577,782,107",6841,14,930
"578,650,117",747,1,271
"556,701,318",40775,10,-3879
"473,104,435",10294,16,632
"577,530,368",781,6,147
"579,371,966",710,1,11
"536,518,360",41406,25,3029
"505,318,996",49181,21,-6255
"549,797,445",1673,6,365
"552,305,323",39759,24,3203
"579,197,530",1963,1,280
"577,054,340",19467,23,2019
"566,601,169",402,3,57
"478,139,076",1639,9,139
"578,546,950",430,1,269
"549,468,401",12392,8,3409
"550,149,178",2890,10,240
"411,791,517",10165,19,220
"554,939,893",1101,2,340
"482,735,532",15977,19,1414
"579,154,732",866,4,248
"560,515,201",641,2,338
"560,886,367",105,11,15
"481,500,285",493,8,108
"574,842,081",2979,4,696
"555,495,218",2659,5,881
"574,935,359",554,2,89
"16,063,601",2588,9,399
"576,171,223",7411,9,-1478
"557,107,282",11715,12,145
"549,947,373",1880,4,223
"575,793,560",491,2,137
"195,826,028",53272,28,2258
"578,939,963",1189,5,272
"560,143,415",55672,14,2300
"510,753,106",11152,26,1163
"193,866,460",29619,3,1814
"563,400,123",153,1,67
"550,255,611",40704,10,2673
"552,295,693",29360,16,1904
"579,219,085",1268,5,238
"552,351,514",190662,3,-8609
"392,128,145",3,1,3
"193,110,609",21803,19,379
"579,250,213",3439,3,-16625
"575,338,518",0,1,0
"519,815,705",242,6,94
"551,975,976",6094,21,353
"184,984,509",141300,20,-463
"552,010,520",316,1,71
"566,707,611",6973,12,618
"557,399,641",140,11,54
"576,643,749",39525,13,5987
"561,683,638",138,1,-67
"549,970,891",6243,18,797
"561,840,187",1210,3,-109
"575,814,918",3581,10,184
"549,777,783",1786,14,494
"519,815,850",983,10,233
"556,495,892",246746,26,6586
"550,318,327",393802,24,26990
"199,099,923",6674,24,-2699
"578,514,234",23086,17,3208
"551,393,769",14012,23,1414
"550,834,895",431,1,68
"577,193,980",13396,6,-89
"518,115,368",3869,23,266
"530,257,149",29189,28,2847
"204,605,530",39420,14,289
"577,101,705",4548,5,812
"510,413,431",7804,22,1557
"549,220,879",8136,7,628
"556,521,626",532,4,191
"551,315,362",80,1,-54
"551,574,744",42883,24,3600
"550,027,406",1023,1,135
"211,023,190",33566,5,2691
"575,202,647",14250,2,1891
"554,954,269",17095,26,101
"559,588,545",10326,7,2246
"574,465,050",531,11,-43
"197,605,958",64,3,4
"551,762,363",448,1,176
"391,105,731",9868,25,-369
"528,958,498",65895,28,6056
"555,691,708",8132,3,1273
"578,827,731",533,3,244
"578,573,799",5294,10,-1221
"554,635,393",5574,3,1090
"193,911,908",107230,22,2412
"536,556,679",13048,19,2000
"574,464,987",36,2,28
"575,236,192",209,1,23
"579,228,311",272,1,272
"519,607,124",16256,24,1375
"550,629,561",1129,8,149
"549,988,366",0,0,0
"392,726,958",4085,12,563
"160,005,028",13987,19,2474
"155,574,367",18778,8,1759
"194,059,598",10282,18,752
"187,134,080",5426,12,1883
"551,266,372",14512,9,2498
"551,460,315",6683,5,1958
"550,977,060",13744,13,1713
"554,734,531",284,1,135
"519,925,850",4537,4,1152
"578,827,656",18426,11,-1245
"550,439,840",30760,6,1829
"566,552,275",8980,7,1795
"575,473,013",11495,20,1119
"550,230,786",5721,9,3776
"560,816,576",5042,14,1365
"561,516,794",16718,8,-721
"560,141,432",11082,8,1022
"556,181,230",9185,17,1270
"551,399,953",5582,8,-1867
"516,701,173",18412,24,1548
"514,484,195",1350,18,178
"552,360,141",18624,23,2748
"279,454,904",28813,6,59
"20,375,923",39953,14,2237
"550,242,997",251433,23,-3158
"556,667,740",4487,23,-155
"552,231,400",786,3,786
"22,935,412",1150,6,62
"12,845,406",89966,27,2116
"576,418,396",10189,8,2121
"556,316,423",19347,14,4375
"552,371,129",44416,26,904
"534,632,915",13,2,6
"516,733,782",154,1,-94
"521,563,061",541,9,21
"578,934,627",1033,1,298
"559,410,390",611,7,14
"511,199,453",5,3,5
"481,862,612",66202,18,-1856
"551,710,477",2,1,1
"510,538,572",112538,25,1974
"528,900,539",32082,10,9629
"576,918,300",3555,2,18
"577,668,679",1364,1,873
"554,707,748",213220,20,2174
"19,406,015",1952,4,1247
"518,964,060",341,5,96
"556,791,802",13565,15,2051
"566,440,610",9545,5,1784
"208,435,180",6650,6,2123
"576,079,858",60491,18,1353
"561,000,850",71641,4,1098
"414,225,940",8301,2,678
"554,384,108",198,5,-10
"578,859,095",1351,1,325
"559,157,999",185,1,133
"563,179,248",18167,16,1326
"575,793,231",15109,11,2747
"206,791,122",858,1,391
"550,192,062",132607,20,-690
"552,358,542",9785,23,989
"206,708,907",13188,18,1537
"186,147,998",34620,28,2170
"529,468,970",3935,9,679
"561,453,927",54108,1,5445
"577,029,513",17664,17,-450
"576,460,157",4227,4,656
"549,927,897",36008,15,-4955
"534,374,418",35670,8,2479
"576,634,155",2544,6,625
"559,466,999",32,1,5
"191,454,060",26308,3,1216
"576,442,417",7424,11,69
"549,663,660",24075,10,6165
"561,062,236",5134,19,1344
"559,617,225",904,5,145
"402,736,104",114879,28,4253
"549,276,910",8661,17,1951
"534,863,507",3415,2,410
"517,433,947",0,1,0
"575,370,815",50474,24,2945
"574,547,446",2,1,1
"578,179,208",16928,12,-486
"560,901,395",15895,23,2947
"517,657,866",628,7,113
"577,762,030",145,2,136
"557,086,280",1909,19,-1158
"561,616,656",1020,15,286
"563,236,715",32452,23,3382
"579,127,995",97277,7,-1768
"566,619,621",56489,28,2038
"521,520,100",57460,18,449
"577,711,468",247981,23,16105
"550,358,780",11371,11,-234
"550,919,156",4188,1,2010
"516,015,321",4179,3,1671
"577,869,960",3977,8,576
"516,938,459",13143,18,1232
"521,932,236",36728,4,2300
"561,929,982",0,1,0
"566,097,333",2827,10,867
"551,688,378",69994,28,4321
"567,080,103",22750,24,-4310
"529,650,709",31130,15,1726
"519,177,759",25691,21,721
"409,293,780",8976,26,1059
"556,131,599",611,3,-175
"578,616,905",18391,16,-3457
"555,958,506",3803,2,779
"559,571,494",12060,18,999
"559,960,057",6,2,3
"555,772,291",15067,16,-86
"409,366,302",36,5,4
"186,994,265",25265,18,1958
"555,935,673",3320,3,411
"577,696,355",86,1,54
"578,311,475",29,2,27
"534,955,181",31007,16,1079
"200,657,470",15698,11,2113
"579,151,552",53764,4,9543
"549,404,761",197,2,68
"576,832,140",56,1,34
"13,784,716",28570,13,-439
"415,445,840",3984,21,505
"504,615,613",0,0,0
"552,107,958",68471,27,5169
"549,109,096",21116,14,1332
"557,242,048",72,1,16
"210,530,670",22471,26,2283
"560,295,355",2361,9,600
"4,809,666",106845,20,9397
"560,892,602",123896,21,6888
"555,403,113",9078,2,1227
"521,697,914",1215,2,138
"413,793,958",31879,12,-604
"558,772,185",21843,19,-1807
"209,306,378",3046,24,689
"194,459,266",11597,10,4672
"556,240,903",1203,7,-266
"577,655,095",40496,20,1550
"409,377,429",5554,11,-70
"549,903,009",61323,22,5231
"560,976,048",534,3,133
"551,199,615",2667,8,-17
"534,957,769",122,2,67
"579,255,598",441,1,207
"478,075,389",484,14,118
"519,760,175",15585,14,1605
"534,419,491",4899,7,924
"517,447,198",14211,14,1346
"579,128,926",1212,3,297
"560,529,054",1,1,1
"550,846,425",67,2,-336
"556,242,466",1369,2,-130
"549,235,144",90,7,-61
"534,428,417",90,2,54
"560,549,397",272,1,272
"578,304,869",269,1,269
"556,484,333",11472,9,2102
"561,364,493",14329,26,605
"560,756,133",40,2,1
"15,385,943",25944,17,974
"415,353,853",42593,24,860
"561,366,327",45289,22,5823
"566,905,795",29473,11,2932
"561,085,751",38659,24,2073
"577,080,106",10651,22,808
"945,317",89007,24,2008
"552,249,118",27,7,-13
"559,050,320",48,1,26
"576,981,166",15767,10,1565
"536,586,465",12537,14,1057
"576,327,787",149273,26,3496
"550,779,442",13028,11,2539
"563,378,073",693,11,84
"558,431,891",127,2,54
"555,561,914",866,2,134
"577,984,141",2,1,2
"550,359,846",0,0,0
"534,392,813",3306,4,242
"422,393,553",1480,5,320
"517,273,559",42421,28,-4552
"550,044,804",1006,13,265
"413,963,047",25308,28,-1894
"577,824,387",63719,25,5925
"510,431,617",12554,19,3498
"521,268,651",59747,27,-1161
"579,254,023",1704,1,272
"422,494,024",7696,4,789
"574,758,344",998,1,132
"561,651,024",1,1,1
"549,297,659",12417,16,747
"577,595,618",10839,19,3545
"192,516,438",17744,7,1349
"559,574,426",2033,6,258
"12,556,813",5994,7,468
"557,122,796",0,0,0
"549,397,217",832,3,136
"558,643,741",152408,27,5737
"529,643,163",1,1,1
"481,477,073",3859,4,238
"187,835,049",6299,5,1355
"561,041,180",21186,14,970
"529,001,277",194814,7,2215
"555,115,563",10249,9,1213
"559,867,964",51,3,16
"575,682,430",106237,28,3485
"578,039,380",32,4,17
"422,541,057",16565,8,-453
"566,629,774",13,5,7
"559,478,364",5012,1,-23
"575,132,411",98810,18,-1158
"534,764,864",1041,8,95
"576,757,670",16,4,5
"529,741,061",1,1,1
"551,208,248",31980,15,2288
"554,072,341",53101,24,2042
"551,679,899",9383,8,1490
"211,081,798",28532,14,2377
"481,340,204",14857,6,3265
"566,331,035",17083,10,1103
"481,599,716",70598,17,6996
"13,003,004",33230,23,1990
"414,307,262",50690,10,3189
"550,538,616",6709,16,-979
"554,623,820",6401,4,771
"534,301,622",2535,2,-186
"555,708,360",2907,12,-394
"514,069,861",106797,26,8631
"577,736,285",51070,10,5166
"577,954,910",0,0,0
"554,519,884",946,9,102
"563,217,327",6489,4,1449
"574,576,767",61,5,7
"551,194,084",1531,2,202
"566,547,742",0,1,0
"555,823,609",1902,19,130
"554,226,282",30932,19,862
"557,314,814",61386,16,3350
"556,004,374",13847,6,630
"408,054,387",36905,26,-6040
"415,247,056",40087,13,2100
"415,433,632",18147,10,2294
"555,546,392",13721,18,-1388
"501,537,598",706,3,230
"208,576,828",24741,12,270
"551,427,320",3407,5,835
"559,723,618",1732,5,274
"521,589,800",16977,17,1449
"481,412,451",11806,18,-710
"557,121,873",23665,25,-1597
"519,176,984",34290,26,1339
"556,268,500",171,1,108
"559,735,081",3475,19,976
"576,621,927",9188,9,1942
"559,717,011",33702,18,3404
"574,448,408",49,2,22
"574,831,028",180,4,31
"567,050,172",29711,12,2723
"575,973,545",36248,12,1183
"555,977,312",5,1,1
"578,727,034",78051,10,2657
"521,532,977",131903,3,18072
"211,885,974",1,1,1
"411,850,713",8,1,7
"415,142,059",10474,22,584
"200,061,820",1529,3,468
"567,121,406",1425,10,349
"578,378,936",37239,6,7419
"551,583,954",2378,3,673
"559,691,713",951,3,68
"577,709,444",11,1,5
"199,216,668",22415,16,2122
"501,526,468",127,8,-2
"567,122,192",2591,4,-384
"574,934,703",68869,25,8839
"556,853,167",301,3,56
"558,585,230",13327,23,2262
"550,473,517",92,7,17
"579,028,404",1305,6,254
"578,313,162",77218,19,7707
"407,575,640",15146,16,253
"577,984,570",17,1,14
"534,521,967",8343,16,-1666
"554,062,844",186,4,81
"555,658,772",5379,8,607
"521,301,652",28663,5,4957
"575,686,619",9164,15,399
"472,780,679",54209,25,2361
"566,987,184",141957,2,31222
"577,202,845",67577,3,6924
"553,859,740",600,4,57
"559,186,257",1979,15,827
"558,529,433",280,4,66
"391,358,812",47369,11,2242
"196,206,938",26359,8,1357
"3,308,671",4259,14,239
"577,397,669",33819,3,6481
"559,567,527",9873,6,1342
"529,762,717",41841,8,2031
"561,048,182",27,1,27
"559,516,444",29157,24,567
"567,271,218",9136,13,161
"575,321,906",24925,6,1270
"550,043,104",2,1,1
"559,100,142",9068,17,100
"579,027,832",95140,7,6381
"534,422,127",27,2,23
"477,717,180",51048,19,196
"564,021,572",7253,3,1348
"550,744,528",3010,18,695
"183,899,050",6206,8,-664
"521,498,681",36,1,13
"534,353,773",19625,5,322
"529,305,403",16166,9,-5884
"555,504,982",285,2,141
"521,282,138",157,2,68
"556,847,857",20261,21,2287
"552,319,556",492,4,32
"566,539,158",38,4,30
"577,512,837",14835,3,2054
"561,719,730",7319,3,1391
"560,904,173",136,1,7
"567,091,147",5076,14,529
"185,089,149",30443,9,3322
"519,495,514",323,2,164
"510,448,757",1807,4,237
"560,432,548",1063,4,244
"576,149,000",20,1,14
"577,654,902",38997,7,-2031
"555,232,177",42455,19,4370
"561,086,454",160,12,95
"557,109,418",32446,9,885
"529,105,355",14028,19,260
"575,754,719",23953,6,1371
"413,630,259",50286,38,5211
"576,724,378",12469,6,950
"575,590,767",174,3,54
"576,494,174",21,2,3
"406,509,111",14551,24,1646
"567,114,722",73562,18,12365
"576,214,131",201,1,134
"551,509,736",227,5,95
"510,844,465",79,1,54
"577,571,761",2145,19,192
"577,251,821",1,1,1
"514,465,519",0,1,0
"550,682,369",7900,22,1309
"577,530,715",667,3,-129
"516,800,828",6162,30,1288
"549,455,905",7478,10,507
"566,211,563",23925,28,-307
"22,017,293",5788,8,988
"530,017,101",3217,13,804
"187,518,430",35771,18,-979
"533,851,341",52429,26,455
"556,839,834",3587,18,1341
"17,222,571",10278,3,1879
"578,328,712",3795,8,1106
"179,635,459",118564,26,1056
"481,306,255",49,2,15
"549,683,198",2140,12,-901
"560,031,923",10144,13,1200
"519,569,351",1680,9,-19
"505,323,527",1,1,1
"518,952,321",14208,3,-1
"534,701,045",278213,16,7480
"578,269,168",39362,18,4680
"575,498,617",25297,21,-716
"557,163,704",1,1,1
"554,803,621",11681,27,898
"504,380,264",7655,19,-1555
"559,615,442",8158,5,1207
"521,656,086",53076,18,2718
"16,491,152",177387,27,1511
"390,210,318",140217,25,4908
"518,090,204",17604,13,5729
"557,061,385",3143,15,448
"576,884,987",52,15,22
"578,415,624",856,2,170
"577,763,714",47162,16,1154
"472,808,799",415,16,128
"575,933,009",4051,11,1458
"505,335,622",10158,1,918
"411,939,342",13696,23,600
"556,007,252",685,8,213
"534,882,623",28117,8,6609
"560,407,260",62,1,34
"550,464,793",54,2,28
"8,936,171",478778,22,-292
"576,199,855",4799,1,812
"577,975,930",16419,15,-718
"576,883,498",50569,20,557
"556,108,272",31584,16,-5
"563,402,553",26665,19,2008
"536,573,500",2771,4,-395
"555,266,445",12861,25,1062
"528,836,062",0,0,0
"204,950,535",13790,17,336
"556,254,852",3584,2,1048
"1,126,913",5542,12,354
"559,725,703",20646,22,2540
"551,317,554",76840,25,6641
"554,397,470",14230,15,3161
"559,478,206",1927,1,678
"198,000,565",312764,13,11306
"521,262,445",46813,9,1860
"18,821,948",14727,10,2224
"558,729,033",65716,22,-633
"552,173,240",399,4,40
"567,226,038",1799,3,553
"519,411,097",2556,6,-127
"560,430,428",57,1,33
"536,546,738",73465,26,908
"574,959,991",848,1,-1070
"554,852,086",19118,15,1177
"560,635,545",85,7,53
"559,028,701",21071,22,1261
"559,545,727",14934,9,1951
"550,237,310",16906,12,1552
"209,256,598",10119,16,1618
"399,631,393",46648,28,3430
"560,317,170",5343,21,204
"566,955,648",26655,18,-1597
"536,600,664",1419,3,115
"549,481,331",700,1,336
"536,539,791",9173,17,1230
"18,391,411",22148,27,1890
"577,843,430",31396,17,3768
"19,758,207",60964,30,-952
"576,064,123",23065,5,-1298
"560,758,904",27566,26,1794
"554,936,375",1048,8,-41
"563,416,372",7791,6,348
"514,131,026",42075,26,6216
"510,639,120",7913,1,5100
"550,105,464",15,1,13
"575,770,243",10588,11,497
"559,495,279",13,1,13
"478,573,303",3575,11,337
"550,268,949",12733,12,-302
"185,295,662",45326,22,3821
"576,948,491",7506,2,1327
"560,121,658",7179,15,923
"530,191,121",65,2,27
"550,158,791",6414,8,589
"521,506,653",10553,13,1282
"556,360,061",16,1,14
"521,507,259",15522,25,1683
"534,765,298",23269,18,2971
"575,178,065",3466,14,399
"558,499,722",3839,2,544
"559,664,988",1976,14,134
"534,406,448",287,12,137
"483,290,886",20160,16,2087
"534,593,186",81,3,40
"196,853,345",55533,27,6486
"563,289,912",7755,31,-41
"566,895,949",13189,9,1804
"551,948,446",73,7,15
"133,302,989",28681,26,-217
"578,656,162",2506,6,-618
"211,762,181",42249,22,1505
"409,374,948",4320,6,643
"478,175,574",7923,18,986
"514,492,346",726,3,283
"534,426,747",659,6,-186
"575,699,775",8766,4,2012
"391,569,050",10241,22,1155
"576,856,350",9351,21,2063
"529,804,629",15,1,13
"11,057,788",16710,2,-773
"560,560,718",40,17,19
"551,961,802",23657,14,-1677
"560,840,940",100917,19,899
"579,219,997",34516,3,-5224
"566,267,689",88833,6,8915
"555,784,693",10552,9,1254
"204,439,508",14432,3,2033
"554,469,346",23202,11,1951
"511,160,066",9711,5,4068
"160,025,201",6304,7,928
"556,664,674",9320,15,1781
"557,027,001",1,1,1
"216,642,515",24487,13,108
"536,627,844",29451,23,2564
"413,916,455",230,2,4
"557,034,018",14800,13,1627
"555,820,703",225,3,41
"551,860,328",371,2,101
"574,969,762",1924,8,145
"553,969,373",40768,11,3612
"555,481,313",287,1,-34
"518,068,797",5963,16,568
"534,559,983",73,2,30
"577,295,520",1,1,1
"521,374,785",162,2,14
"556,144,846",16094,6,15
"200,446,456",91501,18,3831
"504,336,196",4,4,3
"561,698,162",21059,27,1008
"517,509,454",21520,15,2069
"20,203,053",26619,5,304
"555,530,161",9892,9,293
"555,127,629",27746,28,4804
"521,499,523",3569,7,-252
"518,818,270",581,2,274
"391,126,263",9435,13,1086
"534,024,597",9158,20,1408
"517,828,409",8117,12,479
"567,089,933",23196,28,2438
"559,761,874",13754,18,916
"559,723,572",1358,5,133
"577,365,517",134,2,134
"555,697,493",453,2,188
"554,874,245",15180,9,-186
"536,658,401",1556,4,425
"578,858,928",207,1,135
"560,817,046",1144,14,134
"554,850,226",113,6,45
"575,050,789",30629,12,6
"579,097,254",1039,1,346
"528,795,189",6793,10,1351
"555,997,400",17,1,13
"563,631,584",24696,15,148
"563,206,915",20448,23,2606
"534,776,023",59851,26,2618
"549,183,877",4823,16,864
"210,176,063",300885,23,-27757
"549,451,731",2,1,1
"195,654,573",368030,8,-5469
"414,005,842",30837,18,1608
"563,218,239",184,7,96
"578,379,018",36650,18,2790
"519,668,348",228,1,95
"536,674,630",2329,8,232
"554,077,033",17562,13,3570
"560,631,770",35701,16,1549
"560,526,972",11864,14,376
"554,149,137",8977,5,683
"549,284,077",0,0,0
"560,563,837",7617,6,1340
"561,678,676",40895,26,-1312
"575,710,225",161,1,41
"510,422,753",22469,21,1994
"515,676,708",1,1,1
"536,518,502",1919,11,616
"549,834,634",44035,7,-3000
"576,326,689",435,2,176
"551,483,269",6161,15,1469
"566,545,755",521,5,61
"558,822,779",23866,21,331
"577,317,487",618,8,113
"555,672,269",18089,5,2038
"576,969,948",2303,5,411
"576,471,920",1844,16,528
"575,632,251",4,1,4
"576,034,774",445,3,80
"529,469,351",14329,12,2298
"578,179,222",1405,3,557
"550,139,603",7,1,5
"518,746,280",867,6,69
"560,695,354",47754,14,5731
"559,522,026",11395,15,243
"563,281,141",6672,10,515
"566,369,246",8,1,0
"558,669,316",495,1,257
"557,037,220",15476,28,1722
"578,037,450",3080,3,1245
"482,104,679",642,8,139
"577,867,827",296,1,132
"578,471,856",132,1,94
"412,906,660",26901,21,4247
"566,492,389",15176,28,-121
"188,954,197",56506,24,-2179
"556,245,656",46508,15,3828
"519,196,724",2375,2,295
"576,381,123",99,2,37
"188,851,777",537,15,45
"529,703,869",15884,14,2660
"560,427,596",3382,5,1120
"514,088,973",214,4,69
"558,391,324",25457,11,-498
"478,546,661",67,1,2
"549,489,947",12051,7,-511
"528,810,358",357,12,40
"536,641,803",6515,16,1199
"578,311,966",60004,3,-3979
"530,221,636",17542,22,845
"576,776,428",15147,20,1438
"549,997,063",85,2,27
"556,723,099",26889,5,1226
"549,083,692",31264,22,4784
"388,533,340",23963,20,3728
"559,529,677",84,1,28
"561,335,469",66017,10,4536
"408,437,475",24242,7,2193
"558,733,608",2586,3,1018
"521,702,326",55366,24,-507
"576,319,692",23206,10,1680
"416,031,267",12605,25,699
"561,904,181",81136,27,4997
"549,409,748",16,1,14
"206,386,418",106423,30,7286
"577,675,428",48614,15,10697
"557,346,184",17961,24,1135
"556,656,175",11559,27,929
"556,002,617",7297,19,1408
"575,377,488",64513,28,150
"576,674,426",26339,23,1734
"559,574,486",117,1,53
"530,223,286",41701,12,1240
"574,829,664",959,1,243
"534,617,406",338,7,55
"566,893,685",10519,15,415
"536,704,337",6706,19,-1160
"551,711,699",14735,6,317
"519,197,497",11133,4,3292
"556,723,591",2536,3,1495
"504,806,062",323,4,15
"194,627,584",7266,5,2596
"515,694,754",540,4,67
"552,102,958",28665,13,-5563
"574,518,453",20375,2,4220
"577,450,483",108302,24,7615
"557,269,169",11903,20,631
"559,437,694",11967,20,1287
"555,590,592",73251,10,3471
"556,812,675",77698,22,-15204
"503,462,970",4797,5,797
"578,274,269",375,4,132
"561,647,164",112401,17,11684
"388,577,219",4917,13,1435
"555,336,378",45383,26,4016
"555,147,530",51488,8,968
"577,837,511",10408,2,1348
"516,064,557",28149,22,2213
"23,338,029",43618,22,922
"183,253,949",9976,5,2005
"559,183,073",3646,5,629
"530,035,699",426,11,84
"512,958,440",1200,3,140
"558,899,360",16,5,4
"554,536,689",11917,2,1499
"510,819,518",19249,21,684
"575,202,731",582,3,228
"516,956,031",1550,7,-187
"534,631,774",170844,10,2129
"6,835,721",16442,15,1341
"576,282,565",55,1,27
"519,428,159",44450,5,1919
"558,844,674",20844,3,2036
"20,185,015",92626,28,1467
"422,510,562",4012,11,567
"415,756,502",1648,4,-739
"415,829,199",21698,15,2404
"558,577,784",4762,4,900
"563,392,439",334,2,150
"550,608,327",36754,4,4082
"578,659,571",666,1,339
"520,880,351",494,7,280
"551,581,468",2811,1,525
"578,858,331",76751,14,1855
"528,787,209",7251,8,1960
"556,511,960",473,12,143
"563,239,944",6,2,1
"560,911,308",10129,10,-1850
"577,273,635",13133,24,1096
"361,786",15416,6,-350
"555,908,602",1491,6,479
"534,720,600",11318,4,2019
"577,014,336",8938,16,540
"566,619,279",23111,25,1231
"578,656,111",2238,4,281
"534,916,767",18,1,1
"575,376,205",430,1,-102
"563,576,865",13100,17,-830
"560,343,482",1574,5,202
"519,634,299",4416,10,1707
"577,648,553",3871,1,1360
"561,928,607",1401,17,516
"559,178,972",13477,11,1214
"551,723,926",27,1,13
"551,769,749",116,1,14
"577,762,611",366,1,339
"559,201,604",90327,27,7033
"556,656,854",228,3,91
"577,896,288",4274,2,1317
"549,432,297",11988,22,222
"577,616,142",68743,9,3912
"575,961,818",275623,24,2420
"186,128,266",15633,25,-1095
"534,194,566",17018,22,2139
"534,889,892",55306,25,3698
"554,804,797",26365,17,-116
"577,955,107",22256,10,5826
"567,192,848",46714,6,2019
"577,842,349",24549,12,760
"206,218,454",34547,5,505
"575,395,908",799,3,270
"575,868,920",10537,15,1439
"519,272,494",2045,11,244
"521,593,776",2669,7,346
"567,184,371",2466,3,395
"12,377,976",10678,25,1368
"574,954,447",121446,5,-87121
"575,558,415",7858,7,1104
"534,862,904",1785,2,136
"566,309,027",19,1,14
"567,158,733",109862,7,8444
"555,583,786",166,3,71
"554,561,129",13997,25,997
"553,872,955",14128,28,944
"556,691,475",656,8,66
"559,757,594",3927,10,1061
"550,671,375",10194,20,-285
"534,381,088",22194,17,2514
"551,727,916",16036,10,-845
"577,364,127",207850,27,35341
"575,738,946",8729,11,1338
"552,071,804",25510,10,-620
"577,086,178",205,2,70
"566,687,541",220,3,81
"412,589,113",18712,19,4226
"578,378,986",264,1,135
"551,528,428",13250,10,2028
"578,521,865",24350,19,1200
"575,823,163",394,13,9
"550,306,700",177,1,125
"189,270,703",79394,26,2563
"534,794,949",193,5,16
"559,524,629",178241,4,14081
"559,204,411",3126,3,821
"521,878,003",4010,11,406
"557,098,193",12503,5,2665
"521,351,091",3219,11,568
"534,214,590",503,5,235
"529,365,691",3497,12,1042
"576,128,299",1433,8,107
"566,213,144",31087,6,811
"577,511,914",6120,10,2752
"552,167,647",14206,17,1072
"575,686,636",144,1,39
"9,528,306",60979,42,1403
"579,298,290",426,2,268
"519,569,710",44,1,16
"521,795,482",45,3,31
"576,575,268",72791,22,5783
"557,376,142",1249,2,265
"529,031,981",864,2,269
"4,500,810",292607,28,17573
"518,663,034",30030,15,-419
"517,424,847",589,8,-131
"559,523,969",3911,2,1850
"477,968,152",3601,4,-410
"566,859,854",6017,17,448
"556,824,275",74995,11,6732
"536,660,318",10948,5,1110
"183,328,427",16964,6,1600
"577,444,563",64856,14,99
"22,556,142",8636,17,761
"536,517,292",1068,4,182
"551,773,903",46,1,38
"576,847,611",547,8,133
"567,188,300",1369,6,542
"521,272,403",3696,18,218
"510,253,541",6607,15,1134
"549,277,274",60049,28,7027
"200,504,054",3311,2,-1906
"557,157,777",11609,6,1960
"558,546,006",55898,24,5662
"551,128,642",34230,22,1907
"521,696,885",17092,17,636
"534,419,545",2289,11,352
"576,446,622",63128,19,1358
"557,390,543",27,1,13
"213,849,488",89893,16,-100
"534,940,646",39684,14,1285
"556,175,066",28913,25,3557
"408,687,536",68337,4,3811
"554,754,946",3433,5,529
"556,236,773",31155,16,3803
"534,059,742",12204,21,-1514
"515,639,800",17060,5,2915
"481,700,677",0,1,0
"566,782,476",8503,5,1344
"557,289,113",8056,8,1631
"536,572,994",1762,1,41
"183,653,203",1083,5,82
"554,868,924",634496,28,13001
"511,114,653",20377,12,2156
"577,869,835",6,4,4
"576,241,435",56234,25,3727
"556,924,019",12740,10,2031
"576,275,804",101010,26,168
"554,277,451",23457,2,695
"554,732,838",10300,12,-196
"576,276,451",5867,18,1617
"513,787,590",2170,4,823
"534,557,996",2983,7,630
"576,119,633",34,1,26
"549,376,430",29421,18,732
"556,778,604",8246,17,482
"549,737,449",18694,2,2169
"564,019,963",10239,20,-331
"566,940,553",2897,12,225
"550,368,945",118696,28,8634
"576,594,201",29434,2,2718
"550,160,108",7,2,4
"559,516,762",6967,7,561
"534,378,369",32,2,8
"534,903,617",43655,21,1828
"481,462,498",33034,30,2881
"561,424,525",399,4,113
"567,224,322",149,16,40
"555,632,406",8336,10,1235
"579,027,912",40107,4,8729
"578,276,323",24613,11,2248
"559,598,230",575,3,158
"550,120,964",103470,24,-1560
"512,868,572",15490,6,725
"576,184,967",24220,11,1562
"557,368,031",11143,13,1565
"574,550,197",14170,6,1323
"517,817,869",74812,25,4165
"10,547,932",35351,22,2574
"578,158,760",1944,1,1007
"579,205,783",2607,2,258
"566,395,453",16120,12,724
"519,106,891",34096,20,970
"574,586,697",132,3,50
"516,928,849",12994,9,578
"578,479,278",634,6,162
"21,326,050",199263,28,5622
"556,698,821",3924,16,818
"519,642,260",7194,18,1324
"481,424,843",27195,10,-2801
"561,015,589",1298,8,230
"561,032,586",53,2,27
"559,551,051",50106,23,3376
"575,654,381",6084,4,-1874
"560,538,167",9942,10,947
"556,508,174",5714,4,79
"576,306,128",213,4,121
"559,862,446",253,1,67
"530,116,294",71539,8,-2698
"555,169,872",141,1,40
"576,109,415",651,7,202
"561,387,852",6685,5,1293
"554,521,392",13708,15,200
"504,520,935",1660,1,88
"557,107,336",47459,27,2839
"559,565,685",15,1,4
"566,710,291",2031,12,720
"557,107,368",23574,25,2041
"519,530,571",184,2,134
"576,149,027",3289,14,1074
"575,087,074",248,4,134
"534,297,866",19593,10,888
"517,894,480",393,3,82
"559,732,924",174,13,108
"5,391,207",34421,9,1004
"22,034,857",5182,9,1088
"576,885,019",172,7,59
"559,450,334",15044,11,1031
"575,663,024",55,1,7
"577,031,096",2249,1,1355
"575,483,774",323,2,67
"549,423,971",6618,6,1268
"557,134,522",4169,13,472
"415,771,064",15180,10,1311
"213,744,927",13569,15,1637
"558,909,091",94,1,55
"579,289,157",458,2,228
"550,199,380",28207,17,448
"512,991,932",735,19,227
"534,617,712",21824,14,2871
"576,961,968",2044,5,405
"186,115,811",49000,24,3029
"577,836,941",22537,2,3568
"575,142,191",18909,12,414
"577,202,770",22,1,13
"563,327,150",96116,11,6352
"518,671,367",29013,8,1759
"550,462,433",227,2,54
"556,187,914",164,2,60
"557,158,652",91079,16,-5605
"576,415,924",16245,20,1902
"555,458,415",8171,3,1199
"559,516,666",143,4,70
"530,294,759",546,7,280
"576,079,896",7657,15,466
"567,072,995",30388,18,-950
"575,785,487",1,1,1
"553,944,773",0,0,0
"517,604,942",8391,3,-1701
"415,381,525",17696,22,2901
"574,493,142",673,2,88
